# Blender 4.3.2
# www.blender.org
mtllib tree.mtl
o Cylinder
v -0.150295 -1.516196 -1.984642
v 0.022581 9.740481 -1.133292
v 0.794757 -1.592773 -1.442197
v 0.549616 9.623476 -0.852858
v 1.687941 -1.405720 -0.770316
v 0.969279 9.676014 -0.442184
v 1.831913 -1.578296 0.148370
v 0.991464 9.610406 0.143124
v 1.493450 -1.453767 1.200021
v 0.759554 9.613162 0.657225
v 0.516735 -1.568994 1.397101
v 0.287173 9.621753 0.971565
v -0.414174 -1.444858 1.616463
v -0.281733 9.608500 0.959490
v -1.022253 -1.297589 0.895842
v -0.755751 9.608501 0.654859
v -1.610552 -1.433806 0.280181
v -1.068044 9.686198 0.153034
v -1.540397 -1.643490 -0.653638
v -0.961922 9.670309 -0.446130
v -0.910603 -1.501720 -1.510677
v -0.611353 9.733023 -0.928229
v 0.010449 4.319027 -1.374215
v 0.680950 4.314258 -1.087851
v 1.348945 4.337106 -0.673462
v 1.425923 4.337526 0.202042
v 1.143231 4.330242 1.007293
v 0.377342 4.328967 1.420246
v -0.347687 4.324736 1.245271
v -1.150241 4.325441 0.983512
v -1.312425 4.314040 0.192918
v -1.382467 4.238846 -0.686588
v -0.733183 4.300655 -1.226953
v 0.809928 1.707384 -1.310575
v 1.392473 1.708695 -0.695116
v 1.722187 1.705261 0.203567
v 1.340680 1.684556 1.116180
v 0.381405 1.658121 1.278677
v -0.413424 1.663606 1.481012
v -1.241100 1.679372 1.047522
v -1.500855 1.686776 0.188187
v -1.441942 1.698174 -0.691419
v -0.769185 1.699306 -1.187426
v -0.008557 1.723660 -1.649105
v -0.015749 6.956567 -1.431836
v 0.860950 6.972860 -1.309148
v 1.204290 6.971943 -0.531683
v 1.359355 6.976690 0.216641
v 0.971398 6.970430 0.828398
v 0.373305 6.972190 1.255275
v -0.380733 6.949984 1.401487
v -1.059254 6.969684 0.950325
v -1.448397 6.974361 0.158267
v -1.109882 6.964273 -0.518827
v -0.719825 6.966225 -1.098522
v 0.342136 -1.543164 -1.729474
v 0.308669 9.718810 -1.024454
v -0.006458 8.305077 -1.365835
v 0.774111 0.066552 -1.341694
v 1.303387 -1.576224 -1.173115
v 0.761504 9.652428 -0.649119
v 1.507192 0.149241 -0.715244
v 1.756510 -1.488129 -0.310703
v 0.977777 9.639869 -0.148224
v 1.765982 0.063905 0.176264
v 1.720942 -1.558882 0.662461
v 0.882242 9.619483 0.403521
v 1.341143 0.137140 1.061896
v 1.006309 -1.509305 1.296543
v 0.526916 9.625543 0.822512
v 0.446755 0.048564 1.320231
v 0.093077 -1.485487 1.474319
v 0.000113 9.609563 0.960376
v -0.431509 0.189579 1.745233
v -0.753749 -1.436816 1.345909
v -0.518741 9.608500 0.807174
v -1.128443 0.192675 0.973446
v -1.382823 -1.434391 0.629624
v -0.902034 9.637976 0.404565
v -1.583583 0.160409 0.238936
v -1.463005 -1.423653 -0.172559
v -1.031673 9.693309 -0.138829
v -1.566034 0.124113 -0.704016
v -1.170175 -1.523851 -1.061619
v -0.819288 9.741657 -0.723346
v -0.824894 0.109224 -1.333022
v -0.564158 -1.521593 -1.779836
v -0.282839 9.684767 -0.994914
v 0.002282 3.026375 -1.517717
v 0.759284 5.627960 -1.196410
v 1.274487 5.637433 -0.574424
v 1.447875 5.647594 0.201950
v 1.039938 5.648498 0.897893
v 0.402947 5.657191 1.343096
v -0.365303 5.641337 1.310315
v -1.101095 5.640782 1.003667
v -1.456763 5.639768 0.202307
v -1.199182 5.703643 -0.551126
v -0.765546 5.687408 -1.330341
v -0.362446 4.315921 -1.237407
v -1.188246 4.176743 -1.123322
v -1.345404 4.314337 -0.217534
v -1.232339 4.322461 0.597423
v -0.708393 4.323740 1.086142
v -0.010503 4.328226 1.373898
v 0.843246 4.334068 1.307299
v 1.170134 4.328786 0.527521
v 1.422966 4.339616 -0.239829
v 1.003515 4.327287 -0.885134
v 0.354097 4.319368 -1.255732
v 0.772078 3.020871 -1.240133
v 1.413404 3.036877 -0.722545
v 1.568616 3.028535 0.201967
v 1.285085 3.016545 1.070189
v 0.388357 2.992208 1.325046
v -0.556420 3.032787 1.506522
v -1.326170 3.005288 1.266506
v -1.382532 3.000305 0.211737
v -1.317415 3.005364 -0.635350
v -0.740712 3.010937 -1.186562
v -0.066122 0.153365 -1.814570
v 0.394370 1.718624 -1.529842
v 1.085673 1.706510 -1.005027
v 1.637452 1.714722 -0.306348
v 1.605799 1.703437 0.634742
v 0.972704 1.686033 1.473315
v -0.031423 1.660244 1.561417
v -0.926748 1.674179 1.390987
v -1.388121 1.682349 0.609131
v -1.473207 1.692879 -0.270362
v -1.094021 1.702403 -0.980200
v -0.427938 1.715057 -1.435040
v -0.000675 5.628021 -1.374859
v 0.710769 8.305589 -1.113114
v 1.214614 8.298095 -0.517818
v 1.038096 8.283516 0.152647
v 0.978151 8.293635 0.853919
v 0.327063 8.295865 1.171845
v -0.448627 8.416756 1.358160
v -0.949359 8.299251 0.861718
v -1.372769 8.307240 0.163996
v -1.034478 8.288436 -0.492945
v -0.697342 8.288113 -1.041860
v -0.318020 6.958959 -1.170550
v -1.132961 6.975201 -1.006145
v -1.294860 6.969582 -0.171748
v -1.127435 6.966081 0.542554
v -0.789465 6.963644 1.250648
v -0.028714 6.988920 1.142009
v 0.674803 6.975280 1.065032
v 1.163150 6.973374 0.523875
v 1.343362 6.979850 -0.198770
v 0.951147 6.965356 -0.869898
v 0.380262 6.964135 -1.227016
v 0.434887 8.307048 -1.234624
v 0.840671 8.286951 -0.683883
v 1.170514 8.294396 -0.175922
v 1.007169 8.287607 0.495219
v 0.665650 8.295263 1.044402
v -0.035610 8.307813 1.247932
v -0.769001 8.313217 1.152748
v -1.058236 8.292192 0.417963
v -1.130704 8.293054 -0.171257
v -0.982364 8.290933 -0.912645
v -0.297541 8.281943 -1.272529
v -0.371056 3.018078 -1.361556
v -1.033687 3.012485 -0.959482
v -1.369712 3.006445 -0.232009
v -1.400164 3.008969 0.657228
v -0.888773 3.002095 1.403005
v -0.041384 2.997796 1.685710
v 0.842016 3.006037 1.325449
v 1.334296 3.011510 0.582260
v 1.529044 3.031154 -0.195361
v 1.055426 3.019013 -0.895619
v 0.399527 3.020231 -1.348125
v 0.421294 0.080907 -1.565275
v 1.255960 0.154537 -1.062345
v 1.638007 0.070289 -0.263857
v 1.627509 0.154622 0.719393
v 0.957857 0.066959 1.436708
v 0.025919 0.186684 1.794967
v -0.924697 0.178968 1.435546
v -1.476769 0.154493 0.665650
v -1.396894 0.110749 -0.229701
v -1.142435 0.107394 -1.093620
v -0.488697 0.149431 -1.656395
v -0.329375 5.633811 -1.152707
v -1.058304 6.076719 -1.276780
v -1.322968 5.634183 -0.215873
v -1.181144 5.637876 0.548316
v -0.795609 5.639155 1.223809
v -0.014727 5.645846 1.196177
v 0.802578 5.664931 1.254773
v 1.106626 5.641612 0.530157
v 1.492615 5.647277 -0.169873
v 1.039145 5.631799 -0.958326
v 0.325053 5.629593 -1.220822
v 0.360439 10.057669 2.700985
v 0.338857 9.181273 2.936988
v -0.189546 10.099360 2.762416
v -0.118613 9.161754 3.017660
v 0.099924 9.088083 3.051663
v -0.368954 9.296308 2.736742
v 0.082071 10.005711 2.824191
v 0.570102 13.453959 4.844579
v 0.532553 12.820615 5.038348
v 0.180384 13.473264 4.869677
v 0.008963 12.778982 5.157458
v 0.326135 12.795096 5.065190
v -0.181377 12.822872 4.989077
v 0.452039 13.477377 4.852084
v 0.155127 15.492939 5.494448
v 0.178121 15.314239 5.598339
v 0.039583 15.491551 5.508893
v 0.055224 15.305377 5.593837
v 0.118776 15.312956 5.588392
v -0.009824 15.298800 5.553168
v 0.098199 15.492888 5.503779
v 0.345433 7.634139 1.208707
v 0.064060 8.015702 2.124762
v -0.194458 6.959275 1.316987
v -0.598595 6.950320 1.350998
v 0.165205 6.984264 1.183689
v 0.335372 8.052903 2.121847
v -0.222056 8.318410 1.296579
v -0.558960 7.630373 1.293917
v 0.328153 9.101785 2.029355
v 0.145634 8.299717 1.209873
v 0.014875 9.175070 2.007160
v 0.585760 9.642330 2.786442
v -0.263701 11.042620 3.856056
v -0.031859 9.104990 3.072566
v -0.226955 9.256921 2.822936
v 0.241109 9.125896 3.007518
v 0.184274 11.755630 3.772008
v -0.058482 10.064042 2.776862
v -0.336643 9.691010 2.771190
v 0.428725 10.918817 4.090502
v 0.244119 10.028063 2.767971
v 0.425676 11.778295 3.691289
v -0.222618 8.022005 2.243467
v -0.487208 8.142554 1.964319
v -0.275539 9.182304 2.085236
v 0.578673 13.117520 5.024071
v 0.208093 14.030170 5.397342
v 0.127515 12.776540 5.132345
v -0.091976 12.791842 5.098457
v 0.453486 12.813113 5.042650
v 0.314376 14.036650 5.389210
v 0.340537 13.485800 4.851572
v -0.090555 13.137804 4.940571
v 0.210306 14.447523 5.236093
v 0.526810 13.462228 4.861517
v 0.119373 14.433051 5.326056
v -0.081428 11.811774 3.742314
v -0.083034 10.963908 4.051360
v 0.185725 10.866055 4.144936
v 0.167208 15.404456 5.549031
v 0.047943 15.399342 5.554124
v 0.087229 15.309636 5.592496
v 0.023030 15.302844 5.575660
v 0.148686 15.313995 5.594667
v 0.077822 15.400867 5.554477
v 0.069023 15.492491 5.507143
v 0.016008 15.397033 5.537011
v 0.137746 15.403860 5.544673
v 0.126826 15.493176 5.499979
v 0.108816 15.403253 5.547174
v 0.125668 14.031518 5.402441
v 0.306584 14.447612 5.189240
v 0.072851 14.033374 5.336029
v 0.107302 14.031042 5.375140
v 0.107022 14.217492 5.399324
v 0.020214 10.898007 4.128848
v 0.327547 10.880112 4.139795
v 0.161370 14.444467 5.268678
v 0.262181 14.032463 5.400713
v 0.159974 14.031062 5.401611
v 0.306933 14.230097 5.359118
v 0.261352 14.447363 5.217449
v -0.317171 8.117965 2.040976
v -0.131812 9.178159 2.046832
v 0.555176 11.352938 3.888670
v 0.332544 11.768610 3.728267
v -0.218532 11.401180 3.851412
v -0.173371 11.018016 3.926515
v 0.030038 11.792847 3.743015
v 0.183308 9.135078 2.022416
v 0.461072 8.645760 1.985953
v -0.090166 7.964996 2.279209
v 0.219852 8.012799 2.155698
v -0.417331 8.648220 2.051249
v 0.494779 12.128714 4.693508
v 0.499523 12.424698 4.334582
v 0.490273 12.527761 4.207116
v 0.567814 12.302043 4.499361
v 0.541616 12.232656 4.577781
v 3.370774 10.560456 -1.536426
v 3.533252 10.576673 -1.186589
v 4.005145 9.646422 -0.948884
v 3.808796 9.639196 -1.308088
v 3.629714 10.620351 -0.839057
v 3.529519 9.657292 -1.752483
v 5.773873 15.497778 -2.885523
v 5.851028 15.499786 -2.782439
v 5.948500 15.095243 -2.676788
v 5.879925 15.092432 -2.799070
v 5.893416 15.502195 -2.680970
v 5.802754 15.091175 -2.913450
v 1.077718 6.968650 -0.700790
v 2.654030 7.532002 -1.108652
v 2.182321 8.743633 -1.184562
v 1.273826 6.975897 -0.365226
v 1.156816 5.634616 -0.766375
v 0.995146 6.298577 -0.914111
v 2.384825 8.750102 -0.906959
v 1.417989 6.313563 -0.184321
v 1.383551 5.642355 -0.372148
v 3.458861 10.549358 -1.389766
v 4.336657 11.550234 -2.258558
v 4.994339 11.999767 -1.798194
v 3.576908 10.608850 -0.986934
v 3.657305 9.646333 -1.560362
v 3.433307 10.071376 -1.830975
v 5.363038 13.167803 -2.406321
v 3.811887 10.188587 -0.725966
v 3.965548 9.623661 -1.098191
v 2.913002 7.536784 -0.570430
v 2.490708 8.768111 -0.601512
v 2.302522 7.627528 -1.373254
v 5.812450 15.498782 -2.833981
v 5.894992 15.297912 -2.727312
v 5.861735 15.296412 -2.788957
v 5.872222 15.500991 -2.731705
v 5.841133 15.091827 -2.856155
v 5.787283 15.294551 -2.898999
v 5.823148 15.295410 -2.840494
v 5.916189 15.299116 -2.676579
v 5.915287 15.093744 -2.738451
v 5.078456 13.864158 -2.259936
v 4.599586 12.984921 -2.187198
v 4.804114 12.973192 -1.772111
v 4.779491 13.078235 -1.897520
v 4.624095 12.575288 -2.297226
v 2.219355 8.207855 -1.233733
v 2.438645 8.759106 -0.750952
v 5.161676 12.265044 -2.055454
v 4.971766 12.175028 -2.296095
v 4.663884 13.042323 -2.105766
v 4.898323 12.713267 -1.733928
v 2.283411 8.746274 -1.049326
v 2.824986 7.527680 -0.764568
v 2.680900 8.200673 -0.408355
v 2.475661 7.567421 -1.305667
v -2.316143 6.852713 -1.430598
v -2.547379 5.914863 -1.505420
v -2.465116 5.595321 -2.003428
v -2.075016 5.899871 -2.100612
v -2.069066 6.999002 -1.760378
v -2.814722 7.520700 -1.709667
v -2.861139 6.920822 -1.870801
v -2.732626 6.924903 -2.004499
v -2.632610 6.946311 -2.199533
v -2.705680 7.510726 -1.981463
v -3.399146 8.199055 -2.306964
v -3.448610 7.902893 -2.334126
v -3.386853 7.905544 -2.395161
v -3.314011 7.909109 -2.448499
v -3.369618 8.199701 -2.392547
v -3.013376 6.081044 -2.185957
v -2.963568 6.009249 -2.327631
v -3.040349 6.144412 -2.071411
v -3.210700 6.946518 -2.272790
v -3.160280 6.921194 -2.371451
v -3.229476 6.915061 -2.200938
v -3.958407 7.367697 -2.949279
v -3.919932 7.365215 -2.996773
v -3.993216 7.373152 -2.896821
v -4.097867 7.608908 -3.036165
v -4.065732 7.609036 -3.072550
v -4.129158 7.608361 -2.997633
v -1.280303 4.977149 -0.537876
v -0.938655 4.272173 -1.146620
v -1.329969 4.207749 -0.928889
v -0.732867 5.034917 -1.288303
v -1.675083 6.398268 -0.852292
v -1.168212 6.252463 -1.008372
v -1.485244 6.356542 -1.324780
v -2.527367 6.476895 -1.232562
v -2.167092 5.814329 -2.098335
v -2.618327 5.758924 -1.630100
v -1.980019 6.541462 -1.895972
v -2.524245 7.288828 -1.607725
v -2.225208 6.918062 -1.542720
v -2.357710 7.366004 -1.897425
v -1.966245 5.068359 -1.079579
v -1.823462 4.931240 -1.536783
v -1.470782 5.039129 -1.783360
v -2.822919 7.338489 -1.614408
v -2.684929 6.945580 -2.121891
v -2.808022 6.928998 -1.937907
v -2.546341 7.324929 -2.100967
v -3.036765 7.392805 -2.183922
v -2.815227 7.517719 -1.770164
v -3.122120 7.387641 -2.087291
v -2.201645 6.407340 -2.222867
v -2.690316 5.846537 -1.972000
v -2.765606 6.408526 -1.576643
v -3.411801 8.053273 -2.315169
v -3.349960 7.907443 -2.421588
v -3.420290 7.903749 -2.365762
v -3.339401 8.054815 -2.419498
v -3.384726 8.053840 -2.347413
v -3.384382 8.199378 -2.349755
v -3.367637 8.054525 -2.389257
v -3.133125 7.849122 -1.981704
v -3.079643 7.845179 -2.126885
v -2.954747 7.394341 -2.273454
v -2.987846 6.046397 -2.259528
v -3.029294 6.116351 -2.122132
v -3.188384 6.944191 -2.319052
v -3.224164 6.934675 -2.233707
v -3.033418 6.343104 -2.507482
v -3.611901 7.153875 -2.555058
v -3.216445 6.766295 -2.078285
v -2.511489 5.797025 -2.196547
v -2.999152 6.906083 -2.220640
v -2.998482 6.829492 -2.059439
v -2.773018 6.060313 -1.719430
v -2.942676 6.938934 -2.350368
v -3.939812 7.365592 -2.973583
v -3.975675 7.370606 -2.922931
v -4.081800 7.608972 -3.054358
v -4.113513 7.608634 -3.016900
v -3.988789 7.492564 -3.031147
v -4.025077 7.492418 -2.990062
v -4.060410 7.491801 -2.946552
v -3.556364 6.688388 -2.513407
v -3.482578 6.636899 -2.668864
v -3.544183 7.157343 -2.626430
v -3.581543 7.158504 -2.584506
v -3.534579 6.644471 -2.600656
v -3.549651 6.661391 -2.558882
v -3.597445 7.156041 -2.568995
v -3.512661 6.635674 -2.636750
v -3.563793 7.159170 -2.602534
v -4.042744 7.492109 -2.968307
v -4.006933 7.492491 -3.010606
v -2.984653 6.942920 -2.297139
v -2.761610 5.960233 -1.804271
v -2.863557 6.016970 -2.408859
v -2.938968 6.430725 -1.851449
v -3.552865 6.921453 -2.561990
v -3.491590 6.873515 -2.695139
v -2.994566 7.394266 -2.229042
v -3.011158 7.610048 -2.224010
v -2.643798 6.902493 -1.456228
v -2.613908 5.793166 -2.093138
v -3.080777 7.389441 -2.135616
v -3.194161 7.603793 -1.990222
v -3.117309 7.852753 -2.035316
v -1.314239 5.798090 -1.592574
v -1.992867 4.924625 -1.297574
v -2.490680 7.323695 -1.702885
v -2.197858 7.058973 -2.065006
v -2.995709 6.841595 -2.129292
v -1.596959 6.332209 -1.123327
v -1.894444 5.705139 -0.854972
v -1.619301 4.990556 -1.697543
v -0.506308 8.288713 -1.300838
v -0.687452 9.367545 -1.008494
v -0.837108 9.331513 -0.860784
v -0.765643 8.333344 -1.070638
v -0.962471 8.333393 -0.985885
v -0.965201 8.902540 -1.827631
v -1.088770 9.755691 -1.548451
v -1.357028 9.685257 -1.432417
v -1.155205 8.910963 -1.714761
v -1.276435 8.955305 -1.608443
v -1.776905 10.052762 -2.497325
v -1.826509 10.500644 -2.384260
v -1.883716 10.511089 -2.309043
v -1.886082 10.058019 -2.431879
v -1.947477 10.072850 -2.378949
v -2.520990 11.496362 -3.681035
v -2.520800 11.625296 -3.608647
v -2.540846 11.627001 -3.585634
v -2.560494 11.495190 -3.657315
v -2.584096 11.494324 -3.637719
v -0.509758 8.860849 -1.197469
v -0.763401 9.352512 -0.935796
v -0.966488 8.616463 -1.393617
v -0.867185 8.333793 -1.027210
v -1.012511 8.797229 -0.939239
v -1.127120 8.647203 -1.296236
v -0.633770 8.299771 -1.198656
v -0.972359 9.345235 -1.717141
v -1.227487 9.738467 -1.479133
v -1.345212 9.478498 -2.174430
v -1.215400 8.937328 -1.656296
v -1.427866 9.322889 -1.493356
v -1.530567 9.502554 -2.050533
v -1.060187 8.892010 -1.790042
v -0.906239 9.547009 -1.274850
v -1.122266 9.485322 -1.153398
v -0.717356 8.605605 -1.544145
v -1.780734 10.218191 -2.529533
v -1.855027 10.507728 -2.348637
v -2.137384 10.891265 -3.109415
v -1.918432 10.064697 -2.405814
v -1.923985 10.251885 -2.414572
v -2.070771 10.702777 -3.096505
v -1.832688 10.053319 -2.468471
v -1.608739 10.116952 -1.856382
v -1.636666 9.530953 -1.963808
v -1.454260 10.158816 -1.935754
v -2.524622 11.562771 -3.652583
v -2.531013 11.626243 -3.597470
v -2.544255 11.562073 -3.640384
v -2.572516 11.494865 -3.647918
v -2.566533 11.562676 -3.619813
v -2.554690 11.563131 -3.629572
v -2.541248 11.496023 -3.670147
v -2.189660 10.735034 -2.997076
v -2.136066 10.712581 -3.052407
v -2.175478 10.903336 -3.062580
v -2.159493 10.786632 -3.087647
v -2.101044 10.705349 -3.079305
v -1.529367 10.150143 -1.890220
v -1.590895 9.520277 -1.999795
v -2.087890 10.780945 -3.132863
v -2.162154 10.721742 -3.028249
v -2.155324 10.895761 -3.089319
v -0.720401 9.075650 -1.480904
v -1.275958 9.059181 -1.220253
v -1.432260 9.483227 -2.125073
v -1.717520 9.762337 -1.939430
v -1.413445 9.736378 -2.159047
v -1.049427 8.639235 -1.337651
v -1.037734 9.510861 -1.207407
v -0.837398 8.590591 -1.494307
v -0.362388 3.729916 1.291812
v -0.546113 3.717340 1.226074
v -0.736862 3.711406 1.151636
v -0.641911 2.412119 1.429566
v -0.397182 2.383411 1.429331
v -0.876891 2.376764 1.329629
v -1.056649 2.492505 1.314967
v -0.334380 3.489602 1.494793
v -0.363680 3.016489 1.731030
v -0.922558 3.349328 1.511020
v -1.171547 3.032929 1.514591
v -0.623190 2.673895 1.610328
v -0.506213 3.336022 1.615082
v -1.038992 2.852286 1.566886
v -0.476494 3.251168 1.668455
v -0.838283 3.347408 1.534919
v -0.972001 2.702864 1.566315
v -0.487512 2.654323 1.609479
vn 0.2812 0.1479 -0.9482
vn 0.9451 0.1706 -0.2786
vn 0.9776 0.1670 0.1279
vn 0.9954 0.0356 0.0894
vn 0.5098 0.2089 0.8346
vn 0.2077 0.1519 0.9663
vn -0.5828 0.3300 0.7426
vn -0.9563 0.1780 0.2318
vn -0.7953 0.1711 -0.5815
vn 0.0213 0.9986 0.0492
vn -0.9909 0.0562 -0.1227
vn -0.2531 -0.7892 -0.5596
vn -0.0204 -0.9995 0.0254
vn -0.4273 -0.0258 -0.9037
vn -0.7500 -0.0669 -0.6580
vn -0.9982 0.0529 -0.0281
vn -0.9804 0.1564 0.1200
vn -0.3407 0.0817 0.9366
vn 0.6417 -0.0492 0.7654
vn 0.4953 0.0948 0.8636
vn 0.8459 0.0922 0.5253
vn 0.9753 0.0564 -0.2133
vn 0.7663 0.1281 -0.6296
vn 0.3920 0.0991 -0.9146
vn 0.4630 0.0761 -0.8831
vn 0.4629 0.0754 -0.8832
vn 0.4620 0.0669 -0.8843
vn 0.5008 0.0055 -0.8655
vn 0.9612 0.0741 -0.2656
vn 0.9612 0.0748 -0.2655
vn 0.9610 0.0803 -0.2645
vn 0.9696 0.0218 0.2436
vn 0.7002 -0.0243 0.7136
vn 0.6973 -0.0231 0.7164
vn 0.7013 -0.0248 0.7125
vn 0.7543 0.0475 0.6548
vn -0.5277 0.1561 0.8350
vn -0.6543 -0.0870 0.7512
vn -0.9269 0.0378 -0.3733
vn -0.9270 0.0370 -0.3732
vn -0.9277 0.0269 -0.3724
vn -0.6745 0.0591 -0.7359
vn -0.6960 0.0896 -0.7124
vn -0.6960 0.0895 -0.7125
vn -0.6960 0.0843 -0.7131
vn 0.3887 0.1509 -0.9089
vn -0.9815 0.1562 -0.1102
vn -0.9524 -0.0041 -0.3047
vn -0.9845 0.0385 0.1710
vn -0.9851 0.0403 0.1669
vn -0.9840 0.0444 0.1727
vn -0.1963 -0.0705 0.9780
vn -0.3327 0.0554 0.9414
vn 0.8320 0.0721 0.5501
vn 0.6923 0.0381 0.7206
vn 0.6924 0.0379 0.7206
vn 0.6925 0.0323 0.7207
vn 0.7214 -0.4721 -0.5067
vn 0.6448 -0.1121 -0.7561
vn 0.4274 -0.0339 -0.9034
vn 0.3616 0.1688 -0.9169
vn 0.6878 0.0583 -0.7236
vn 0.9898 0.1420 -0.0112
vn 0.9177 0.1123 0.3810
vn 0.5751 0.1926 0.7951
vn -0.0472 0.2167 0.9751
vn -0.5136 0.3124 0.7991
vn -0.8533 0.1041 0.5110
vn -0.9899 0.0728 -0.1216
vn -0.8941 0.1553 -0.4201
vn -0.1679 0.1931 -0.9667
vn -0.0320 0.0954 -0.9949
vn -0.9034 -0.2144 -0.3713
vn -0.9966 0.0176 0.0801
vn -0.9696 0.1332 0.2052
vn -0.3889 0.1071 0.9150
vn -0.1159 0.2292 0.9665
vn 0.7072 0.0090 0.7070
vn 0.7787 0.1226 0.6153
vn 0.9830 0.0737 -0.1682
vn 0.9833 0.0694 -0.1682
vn 0.9830 0.0740 -0.1682
vn 0.5311 0.0279 -0.8469
vn 0.3249 0.0784 -0.9425
vn 0.2840 0.0254 -0.9585
vn 0.7384 0.1056 -0.6661
vn 0.8461 -0.0140 -0.5329
vn 0.8460 -0.0237 -0.5327
vn 0.8461 -0.0135 -0.5329
vn 0.9650 0.0278 0.2606
vn 0.6962 -0.0226 0.7175
vn 0.5591 0.1510 0.8152
vn -0.1721 0.0291 0.9847
vn -0.9459 0.0666 0.3177
vn -0.9969 -0.0496 -0.0608
vn -0.6375 0.0739 -0.7669
vn -0.5860 0.1357 -0.7989
vn -0.1766 -0.0117 -0.9842
vn -0.9944 -0.0962 0.0449
vn -0.9060 0.0330 -0.4220
vn -0.9856 0.0406 0.1644
vn -0.3471 -0.0387 0.9370
vn -0.2692 0.0452 0.9620
vn 0.6161 0.1714 0.7688
vn 0.8425 -0.0332 0.5377
vn 0.5183 -0.1606 0.8400
vn 0.9769 0.0777 -0.1993
vn 0.4596 -0.0231 -0.8878
vn 0.0556 -0.0855 -0.9948
vn 0.0561 -0.0070 -0.9984
vn -0.1668 -0.0698 -0.9835
vn 0.8486 0.0883 -0.5215
vn 0.6926 -0.4647 -0.5516
vn -0.6917 0.5412 0.4782
vn 0.9927 -0.0166 0.1195
vn 0.9865 0.1131 0.1186
vn 0.9970 0.0668 -0.0379
vn 0.9801 0.0914 0.1760
vn 0.9830 -0.0409 0.1790
vn 0.8437 0.0717 0.5320
vn 0.2145 0.0525 0.9753
vn 0.2101 0.1601 0.9645
vn 0.5319 0.0684 0.8441
vn 0.3098 -0.0428 0.9498
vn 0.3088 0.0415 0.9502
vn 0.5972 -0.0815 0.7980
vn -0.5846 0.0094 0.8113
vn -0.5846 -0.0137 0.8112
vn -0.7425 0.0506 0.6680
vn -0.7420 0.0593 0.6678
vn -0.7425 0.0502 0.6680
vn -0.7793 -0.0892 0.6203
vn -0.7816 0.0343 0.6228
vn -0.7670 0.0260 0.6411
vn -0.8919 0.1510 -0.4263
vn -0.9397 0.0310 -0.3405
vn -0.8796 0.0743 -0.4699
vn -0.2631 -0.0751 -0.9618
vn 0.2268 0.2981 -0.9272
vn -0.2108 0.1817 -0.9605
vn -0.5600 -0.0058 -0.8285
vn -0.5600 -0.0057 -0.8285
vn -0.5600 -0.0052 -0.8285
vn -0.5600 -0.0064 -0.8285
vn -0.6536 -0.0401 -0.7558
vn -0.6535 -0.0478 -0.7554
vn -0.6536 -0.0398 -0.7558
vn -0.3493 0.1124 -0.9303
vn -0.3481 0.1445 -0.9263
vn -0.4537 0.1098 -0.8844
vn -0.5981 0.1192 -0.7925
vn -0.6033 0.1191 -0.7886
vn -0.5998 0.1192 -0.7912
vn -0.6006 0.0748 -0.7960
vn -0.5347 0.0956 -0.8396
vn -0.9419 -0.0041 0.3358
vn -0.9416 -0.0368 0.3347
vn -0.9941 0.0798 -0.0728
vn -0.9942 0.0796 -0.0728
vn -0.9942 0.0790 -0.0728
vn -0.9697 0.0227 0.2431
vn -0.9678 0.0651 0.2432
vn -0.9640 0.0609 0.2588
vn -0.9126 -0.0858 0.3998
vn -0.9148 0.0108 0.4037
vn -0.7354 -0.0892 0.6717
vn -0.1082 -0.0792 0.9910
vn -0.1059 0.1516 0.9827
vn -0.2013 0.1752 0.9637
vn -0.2233 0.0366 0.9741
vn -0.2215 -0.0200 0.9750
vn -0.3131 0.0118 0.9496
vn 0.7576 0.1281 0.6400
vn 0.7652 0.0458 0.6421
vn 0.8761 -0.0166 0.4818
vn 0.9595 0.0433 -0.2784
vn 0.9602 -0.0069 -0.2793
vn 0.9861 0.0290 -0.1633
vn 0.8056 0.1139 -0.5814
vn 0.8059 0.1103 -0.5817
vn 0.8056 0.1142 -0.5813
vn 0.8060 0.1099 -0.5817
vn 0.7091 0.0619 -0.7024
vn 0.7084 0.0742 -0.7019
vn 0.7091 0.0612 -0.7024
vn 0.5387 0.0584 -0.8405
vn 0.5361 0.0577 -0.8422
vn 0.5370 0.0579 -0.8416
vn 0.5359 0.0271 -0.8439
vn 0.4668 0.0066 -0.8843
vn 0.2778 0.0594 -0.9588
vn 0.2774 0.0778 -0.9576
vn 0.4543 0.1357 -0.8804
vn 0.4362 -0.0254 -0.8995
vn 0.4342 0.0244 -0.9005
vn 0.5204 0.0580 -0.8519
vn 0.9886 0.1146 -0.0977
vn 0.9922 0.0771 -0.0983
vn 0.9941 0.1084 -0.0061
vn 0.9940 0.0449 0.0998
vn 0.9870 0.1271 0.0982
vn 0.9924 0.1098 0.0553
vn 0.0002 -0.0347 0.9994
vn -0.0013 0.0137 0.9999
vn 0.2358 -0.0671 0.9695
vn 0.1807 -0.4309 0.8841
vn -0.2349 0.2270 0.9452
vn -0.5700 0.2269 0.7897
vn 0.3650 0.4959 0.7879
vn 0.3316 -0.2507 0.9095
vn -0.2192 0.2323 0.9476
vn -0.9951 0.0904 -0.0411
vn -0.9913 0.1248 -0.0417
vn -0.9797 0.0545 0.1928
vn -0.9801 0.0459 0.1931
vn -0.9797 0.0550 0.1928
vn -0.9867 0.0995 -0.1282
vn -0.9915 0.0199 -0.1286
vn -0.9951 -0.0489 0.0865
vn -0.6125 0.0138 -0.7903
vn -0.6022 -0.1891 -0.7756
vn -0.2211 -0.0038 -0.9753
vn -0.3860 0.0955 -0.9176
vn -0.3860 0.0907 -0.9180
vn -0.3859 0.0958 -0.9175
vn -0.3860 0.0904 -0.9181
vn -0.3433 0.1058 -0.9333
vn -0.3084 0.0486 -0.9500
vn -0.3133 0.1875 -0.9310
vn -0.4308 0.1528 -0.8894
vn -0.4121 0.0460 -0.9100
vn -0.6858 0.2748 -0.6739
vn -0.9670 0.0850 0.2400
vn -0.9559 0.0607 -0.2872
vn -0.9551 0.0736 -0.2871
vn -0.9561 0.0601 -0.2869
vn -0.9551 0.0742 -0.2868
vn -0.9726 0.0587 -0.2251
vn -0.6270 0.0322 0.7784
vn -0.6239 0.0802 0.7774
vn -0.8042 0.1822 0.5657
vn -0.8476 0.1047 0.5202
vn -0.8196 0.2902 0.4940
vn -0.5288 0.2082 0.8228
vn -0.9966 0.0822 -0.0074
vn 0.3000 0.1917 0.9345
vn -0.0042 0.3178 0.9482
vn 0.3355 0.0709 0.9393
vn 0.3462 0.1894 0.9189
vn 0.5210 0.1428 0.8416
vn 0.9967 -0.0066 0.0807
vn 0.9920 0.0985 0.0786
vn 0.8782 0.2096 0.4299
vn 0.8979 0.2388 0.3698
vn 0.9189 0.1239 0.3744
vn 0.9985 0.0348 -0.0434
vn 0.4057 0.0064 -0.9140
vn 0.4043 0.0467 -0.9134
vn 0.6872 0.1612 -0.7084
vn 0.3975 0.1769 -0.9004
vn 0.3980 0.1701 -0.9015
vn 0.3975 0.1772 -0.9003
vn 0.3980 0.1698 -0.9015
vn 0.6226 0.2242 -0.7497
vn 0.3259 0.0023 -0.9454
vn 0.4271 0.0335 -0.9036
vn 0.4570 0.0338 -0.8888
vn 0.5323 -0.1012 -0.8405
vn 0.6473 -0.0603 -0.7599
vn 0.5228 -0.0620 -0.8502
vn 0.9833 0.0691 -0.1683
vn 0.8802 -0.0215 -0.4741
vn 0.9986 -0.0528 -0.0069
vn 0.7864 -0.0131 0.6176
vn 0.6926 0.0321 0.7207
vn 0.9973 0.0481 0.0558
vn 0.7033 0.1133 0.7018
vn 0.8327 0.0472 0.5517
vn 0.2349 0.0455 0.9710
vn -0.1186 0.0599 0.9911
vn -0.3322 0.1250 0.9349
vn -0.3548 0.1239 0.9267
vn -0.4030 -0.0505 0.9138
vn -0.1952 -0.1149 0.9740
vn -0.2251 -0.1162 0.9674
vn -0.9776 0.0333 0.2076
vn -0.9840 0.0447 0.1727
vn -0.9801 0.0454 0.1931
vn -0.9909 -0.1084 0.0795
vn -0.9522 0.0166 -0.3049
vn -0.9970 0.0169 0.0761
vn -0.3819 -0.5972 -0.7054
vn -0.3970 0.1221 0.9097
vn -0.3951 0.1215 0.9106
vn -0.3952 0.1216 0.9105
vn 0.4905 0.7902 0.3675
vn 0.4910 0.7898 0.3677
vn 0.4826 0.7967 0.3639
vn -0.0250 -0.0749 -0.9969
vn 0.3819 0.0497 -0.9228
vn -0.3441 0.0688 -0.9364
vn -0.6049 0.1190 -0.7874
vn -0.6960 0.0841 -0.7131
vn -0.4428 0.0859 -0.8925
vn -0.7358 -0.0300 -0.6765
vn -0.6770 -0.0029 -0.7360
vn -0.8659 0.0049 -0.5003
vn -0.9508 0.0081 -0.3097
vn -0.9277 0.0261 -0.3723
vn -0.9894 0.0477 0.1373
vn -0.5713 -0.0832 0.8165
vn -0.6577 -0.0559 0.7512
vn -0.8362 -0.0618 0.5449
vn -0.6227 -0.0680 0.7795
vn -0.5274 -0.1026 0.8434
vn -0.8684 -0.1186 0.4814
vn 0.1895 0.0548 0.9804
vn 0.7299 -0.1004 0.6762
vn 0.2530 -0.1724 0.9520
vn 0.1821 0.1023 0.9779
vn 0.7024 -0.0416 0.7105
vn 0.2099 -0.0802 0.9744
vn 0.9771 0.0357 0.2096
vn 0.9698 0.0449 0.2398
vn 0.9229 0.0376 0.3832
vn 0.9849 0.1189 -0.1256
vn 0.9610 0.0810 -0.2643
vn 0.9860 0.0794 -0.1464
vn 0.4653 0.0593 -0.8832
vn 0.4909 0.0690 -0.8685
vn 0.7080 0.0644 -0.7032
vn 0.4620 0.0668 -0.8844
vn 0.4619 0.0668 -0.8844
vn 0.5395 0.0586 -0.8399
vn 0.2836 0.0939 -0.9543
vn 0.3912 0.1257 -0.9117
vn 0.4658 0.1205 -0.8766
vn 0.7413 0.0572 -0.6688
vn 0.7706 0.0706 -0.6334
vn 0.7084 0.0748 -0.7018
vn 0.8460 -0.0243 -0.5327
vn 0.9723 0.0980 -0.2122
vn 0.9823 0.0945 -0.1615
vn 0.9593 0.1116 0.2594
vn 0.8314 0.1935 0.5209
vn 0.8556 0.1968 0.4789
vn 0.6956 0.0538 0.7165
vn 0.4914 0.1449 0.8588
vn -0.3150 0.0748 0.9461
vn 0.5647 -0.0316 0.8247
vn 0.6409 -0.0663 0.7647
vn -0.2059 -0.0921 0.9742
vn 0.0449 0.2698 0.9619
vn -0.1944 0.4066 0.8927
vn 0.5828 0.2584 0.7704
vn -0.9423 -0.1125 0.3153
vn -0.9926 -0.0134 0.1205
vn -0.9658 -0.0181 0.2585
vn -0.9942 0.0906 -0.0587
vn -0.9965 0.0793 -0.0277
vn -0.9941 0.0804 -0.0728
vn -0.6366 0.0935 -0.7655
vn -0.7522 0.0450 -0.6574
vn -0.5372 0.0381 -0.8426
vn -0.5876 0.0133 -0.8090
vn -0.4279 0.0695 -0.9011
vn -0.4547 0.0699 -0.8879
vn -0.1755 0.0451 -0.9834
vn -0.4996 -0.0589 -0.8643
vn -0.6534 -0.0481 -0.7555
vn -0.9973 0.0558 0.0485
vn -0.9851 0.1214 -0.1216
vn -0.2153 0.0937 -0.9720
vn -0.9051 0.0532 -0.4219
vn -0.8047 0.1000 -0.5852
vn -0.8766 0.1089 -0.4688
vn -0.9822 0.0921 0.1634
vn -0.9689 0.0728 0.2366
vn -0.7626 0.0998 0.6391
vn 0.4062 -0.5615 0.7209
vn 0.4061 -0.5603 0.7220
vn 0.4062 -0.5616 0.7208
vn -0.4594 0.0421 0.8872
vn -0.7420 0.0597 0.6678
vn 0.0564 -0.5723 0.8181
vn 0.8257 0.2869 -0.4858
vn 0.2151 0.6172 -0.7568
vn 0.6234 -0.0183 0.7817
vn 0.5205 0.0170 0.8537
vn 0.5334 0.0169 0.8457
vn 0.8196 0.2272 0.5259
vn 0.9890 0.1193 0.0879
vn 0.8405 0.1113 0.5303
vn 0.9227 -0.0032 -0.3854
vn 0.9836 0.1271 0.1282
vn 0.9907 0.1309 -0.0371
vn 0.9706 0.1383 -0.1969
vn 0.9517 0.1194 -0.2828
vn 0.7902 0.1497 -0.5943
vn 0.4584 0.0403 -0.8878
vn 0.2850 -0.0170 -0.9584
vn -0.1684 0.0013 -0.9857
vn 0.0958 0.5329 -0.8407
vn -0.8313 -0.2793 0.4805
vn -0.9382 0.2309 -0.2578
vn -0.2796 0.5559 -0.7828
vn 0.9484 0.1625 -0.2721
vn -0.1825 0.6342 -0.7513
vn -0.9213 -0.1678 0.3507
vn -0.3352 0.2053 -0.9195
vn 0.9876 0.0976 0.1230
vn 0.1420 -0.1383 0.9802
vn -0.1209 -0.1590 0.9798
vn -0.8112 0.0609 -0.5816
vn 0.5195 -0.3892 0.7607
vn 0.3226 -0.4603 0.8271
vn 0.0952 0.4641 0.8806
vn -0.4612 0.3567 0.8125
vn -0.1362 0.5066 0.8514
vn 0.1742 0.4576 0.8719
vn 0.1727 0.4457 0.8784
vn -0.6367 0.0408 -0.7701
vn -0.8202 -0.1417 0.5542
vn -0.7455 -0.1597 0.6471
vn -0.7766 -0.0174 0.6298
vn -0.5119 -0.1080 0.8522
vn -0.8223 0.0361 -0.5680
vn -0.9892 0.0068 -0.1466
vn -0.9807 0.1928 -0.0314
vn 0.0724 0.4208 0.9043
vn 0.0733 0.4208 0.9042
vn 0.0703 0.4206 0.9045
vn 0.1819 0.3942 0.9009
vn -0.0123 0.3836 0.9234
vn 0.0694 0.4206 0.9046
vn 0.0674 0.4531 0.8889
vn 0.1135 0.4438 0.8889
vn -0.1133 0.4659 0.8775
vn -0.1385 0.4685 0.8725
vn -0.1977 0.4581 0.8666
vn -0.4860 0.3080 0.8179
vn -0.4668 0.3057 0.8298
vn -0.5658 0.2766 0.7768
vn -0.0307 0.3871 0.9215
vn -0.0338 0.4562 0.8893
vn 0.0391 0.4429 0.8957
vn 0.1668 -0.5192 0.8382
vn -0.6946 -0.3476 0.6299
vn -0.1783 -0.4956 0.8501
vn 0.0755 -0.4338 0.8978
vn 0.3775 -0.4982 0.7806
vn 0.6756 -0.4280 0.6003
vn 0.6755 -0.4231 0.6039
vn 0.6756 -0.4281 0.6002
vn -0.5544 0.1502 -0.8186
vn 0.0326 0.3749 -0.9265
vn -0.1330 0.3744 -0.9177
vn -0.1975 -0.1578 0.9675
vn -0.0489 -0.2637 0.9634
vn 0.2273 -0.2414 0.9434
vn 0.0607 -0.1450 0.9876
vn 0.0211 -0.1938 0.9808
vn 0.0825 -0.2112 0.9740
vn 0.9756 0.0699 0.2083
vn 0.7070 -0.0760 0.7031
vn 0.9552 0.1579 0.2504
vn -0.5228 0.1622 -0.8369
vn -0.5223 0.1684 -0.8360
vn -0.5223 0.1678 -0.8361
vn -0.3148 0.2355 -0.9195
vn 0.1910 0.3787 -0.9056
vn -0.4178 -0.4755 0.7742
vn -0.4519 -0.3743 0.8097
vn -0.2009 -0.4620 0.8638
vn -0.1733 0.6977 -0.6951
vn -0.1555 0.6558 -0.7388
vn 0.0773 0.6509 -0.7552
vn 0.9571 -0.1694 0.2352
vn 0.8513 -0.3201 0.4158
vn 0.7983 0.3293 -0.5043
vn 0.8023 0.3334 -0.4951
vn 0.8016 0.3327 -0.4967
vn -0.3569 0.5503 -0.7548
vn -0.5297 0.4381 -0.7263
vn -0.3467 0.4666 -0.8137
vn -0.7142 0.4666 -0.5218
vn -0.9261 0.2297 -0.2993
vn -0.9885 0.1234 -0.0873
vn -0.6291 -0.3987 0.6672
vn -0.6294 -0.3963 0.6685
vn -0.6293 -0.3965 0.6684
vn -0.5529 -0.4258 0.7163
vn -0.8942 -0.2178 0.3911
vn 0.2726 0.4805 -0.8335
vn 0.4389 0.4080 -0.8006
vn 0.2203 0.4672 -0.8562
vn 0.1682 0.5629 -0.8092
vn -0.1270 0.7229 -0.6792
vn -0.1179 0.6951 -0.7092
vn 0.9648 -0.1560 0.2118
vn 0.9991 0.0415 -0.0080
vn 0.9853 0.0179 -0.1699
vn -0.6593 -0.3804 0.6485
vn -0.4239 -0.5199 0.7416
vn 0.6760 -0.5448 0.4962
vn -0.1608 -0.6423 0.7494
vn -0.1708 -0.6732 0.7195
vn -0.2803 -0.6514 0.7050
vn -0.8954 0.3158 -0.3140
vn -0.9649 0.2589 -0.0429
vn -0.9906 0.1370 0.0012
vn -0.9906 0.1366 0.0017
vn -0.9906 0.1369 0.0013
vn -0.9864 0.1485 -0.0708
vn 0.6757 -0.4330 0.5965
vn 0.6935 -0.4843 0.5335
vn 0.7975 0.3286 -0.5060
vn -0.3229 0.6768 -0.6616
vn -0.1362 0.5708 -0.8097
vn -0.4953 -0.4336 0.7528
vn -0.9851 0.1225 -0.1209
vn 0.2070 0.4966 -0.8429
vn 0.9956 -0.0232 -0.0910
vn 0.2388 0.5623 -0.7917
vn -0.8945 -0.1925 0.4036
vn -0.1302 0.2328 -0.9638
vn 0.9900 0.1408 0.0091
vn 0.0849 -0.1410 0.9864
vn 0.2235 -0.1342 0.9654
vn -0.0638 0.1652 -0.9842
vn 0.0909 -0.4482 0.8893
vn -0.1670 -0.4146 0.8946
vn 0.5570 0.1757 -0.8117
vn -0.4763 -0.1563 0.8653
vn -0.5431 -0.1658 0.8231
vn -0.7509 -0.0266 0.6599
vn -0.8290 -0.0319 0.5583
vn -0.9585 -0.0410 -0.2822
vn -0.6559 0.3937 -0.6440
vn -0.9536 0.2489 -0.1696
vn -0.6893 -0.3103 0.6546
vn -0.6572 -0.3683 0.6576
vn 0.0672 -0.5250 0.8485
vn 0.2157 -0.4247 0.8792
vn 0.0841 -0.5433 0.8353
vn 0.5261 -0.4891 0.6957
vn -0.1148 0.2108 -0.9708
vn -0.5479 0.2456 -0.7997
vn -0.8084 0.2101 -0.5499
vn -0.0550 -0.1542 0.9865
vn 0.2026 -0.2465 0.9477
vn 0.0773 -0.2636 0.9615
vn 0.0220 -0.1464 0.9890
vn 0.1984 -0.2106 0.9572
vn 0.3308 -0.2155 0.9188
vn 0.9929 0.1186 -0.0028
vn 0.9073 0.0985 0.4088
vn 0.9585 0.1765 0.2240
vn -0.1846 0.2341 -0.9545
vn -0.5229 0.1615 -0.8370
vn -0.3290 0.2755 -0.9032
vn -0.5519 -0.4419 0.7073
vn -0.4252 -0.3823 0.8204
vn -0.9211 -0.1472 0.3604
vn 0.4613 0.5412 -0.7031
vn -0.1839 0.6572 -0.7310
vn -0.1658 0.6986 -0.6961
vn 0.9698 -0.1411 0.1992
vn 0.9518 -0.1539 0.2653
vn 0.9401 0.1426 -0.3096
vn -0.2068 0.5604 -0.8020
vn -0.3682 0.4634 -0.8060
vn -0.2874 0.4691 -0.8351
vn -0.9322 0.2391 -0.2717
vn -0.8698 0.3050 -0.3878
vn -0.9956 0.0849 -0.0388
vn -0.7756 -0.3228 0.5424
vn -0.6291 -0.3989 0.6672
vn -0.8322 -0.2635 0.4880
vn 0.0448 0.5415 -0.8395
vn 0.2699 0.4592 -0.8464
vn 0.0887 0.4905 -0.8669
vn -0.5141 0.5701 -0.6408
vn 0.1902 0.6801 -0.7080
vn 0.2180 0.6356 -0.7406
vn 0.8751 -0.3648 0.3179
vn 0.9780 -0.1854 0.0958
vn 0.9152 0.2931 -0.2766
vn -0.4204 -0.5037 0.7547
vn 0.3343 -0.6694 0.6634
vn 0.6483 -0.5562 0.5199
vn 0.3803 -0.5666 0.7309
vn -0.1559 -0.6741 0.7220
vn 0.4063 -0.5629 0.7198
vn -0.9241 0.2630 -0.2773
vn -0.9903 0.1391 -0.0017
vn -0.9307 0.3318 -0.1538
vn 0.9571 -0.1695 0.2352
vn 0.5500 0.0863 0.8307
vn -0.8341 0.4738 0.2826
vn 0.7848 -0.3341 -0.5219
vn 0.9126 -0.3080 -0.2688
vn -0.8104 0.5303 0.2489
vn -0.8101 0.5304 0.2499
vn -0.8100 0.5304 0.2502
vn -0.4961 0.0453 -0.8671
vn 0.8778 0.0614 -0.4751
vn 0.9178 0.0946 -0.3857
vn 0.8259 0.1022 -0.5544
vn 0.7985 0.0612 -0.5988
vn 0.7985 0.0612 -0.5989
vn 0.7984 0.0612 -0.5990
vn -0.7012 0.1455 -0.6979
vn -0.8135 0.4800 0.3284
vn -0.8100 0.4870 0.3268
vn -0.7225 0.4966 0.4810
vn -0.6429 0.5203 0.5621
vn -0.7285 0.1793 -0.6612
vn -0.1146 -0.2107 -0.9708
vn -0.7677 0.2557 -0.5876
vn 0.7955 0.1006 -0.5976
vn 0.8210 0.1155 -0.5591
vn 0.8462 0.1148 -0.5204
vn 0.8485 0.0906 -0.5215
vn 0.9117 0.1449 -0.3844
vn 0.9178 0.0946 -0.3856
vn 0.8584 0.1015 -0.5029
vn 0.8733 0.1127 -0.4739
vn 0.8734 0.1127 -0.4738
vn 0.8736 0.1127 -0.4734
vn 0.8737 0.1127 -0.4733
vn -0.4914 0.1364 -0.8602
vn -0.3649 0.0376 -0.9303
vn -0.3135 0.0422 -0.9486
vn -0.8032 0.5426 0.2458
vn -0.7625 0.5706 0.3050
vn -0.7653 0.5662 0.3063
vn 0.8938 -0.1562 0.4203
vn 0.8854 -0.4331 -0.1688
vn 0.6749 -0.5017 -0.5411
vn 0.7854 -0.3192 -0.5303
vn 0.9170 -0.3378 0.2123
vn 0.3796 -0.4349 -0.8166
vn -0.8226 0.4724 0.3165
vn -0.7273 0.4960 0.4744
vn -0.8436 0.4780 0.2446
vn 0.5267 0.0774 0.8465
vn 0.2705 0.2352 0.9335
vn 0.2692 0.2348 0.9340
vn 0.2699 0.2350 0.9338
vn 0.6546 0.0200 0.7557
vn 0.6471 0.0184 0.7622
vn 0.6526 0.0196 0.7574
vn -0.6790 0.5404 0.4970
vn -0.6724 0.5526 0.4925
vn -0.6726 0.5527 0.4920
vn 0.8653 -0.4761 -0.1569
vn 0.7301 -0.6129 -0.3023
vn 0.7034 -0.6129 -0.3600
vn 0.7022 -0.6132 -0.3618
vn 0.7027 -0.6126 -0.3619
vn -0.1252 0.2016 0.9714
vn -0.1122 0.2863 0.9515
vn 0.3334 -0.1120 0.9361
vn 0.7561 -0.4585 -0.4670
vn 0.5534 -0.5733 -0.6041
vn 0.2122 -0.3943 -0.8942
vn 0.2462 -0.3198 -0.9150
vn 0.4378 -0.0658 0.8966
vn 0.7883 -0.4696 -0.3976
vn -0.8094 0.5431 0.2233
vn 0.6450 0.0180 0.7639
vn -0.7002 0.4951 0.5144
vn 0.1962 -0.2563 -0.9465
vn 0.8221 -0.3173 -0.4727
vn -0.8106 0.5303 0.2482
vn -0.6772 0.3141 -0.6654
vn -0.5422 0.0199 -0.8400
vn -0.6821 0.4891 0.5436
vn -0.7453 0.4913 0.4506
vn -0.8755 0.4691 0.1158
vn -0.8215 0.5106 0.2536
vn -0.5018 0.0233 -0.8647
vn -0.5997 0.1384 -0.7882
vn -0.6799 0.1520 -0.7174
vn -0.1431 -0.2163 -0.9658
vn -0.4563 0.1456 -0.8778
vn -0.3321 0.0634 -0.9411
vn -0.8419 0.5306 0.0986
vn -0.7884 0.5667 0.2393
vn -0.7910 0.5620 0.2417
vn 0.8347 -0.3290 -0.4416
vn 0.9106 -0.3157 0.2668
vn 0.3070 -0.4035 -0.8620
vn 0.6104 -0.3210 -0.7241
vn 0.7303 -0.5114 -0.4530
vn 0.7319 -0.4491 -0.5124
vn -0.7053 0.4835 0.5185
vn -0.8197 0.4841 0.3060
vn -0.8559 0.4716 0.2121
vn 0.2689 0.2347 0.9341
vn 0.1512 0.3097 0.9387
vn 0.7044 -0.0403 0.7087
vn -0.7006 0.5439 0.4619
vn -0.6848 0.5544 0.4729
vn 0.8020 -0.4907 -0.3406
vn 0.7020 -0.6124 -0.3636
vn 0.7014 -0.6132 -0.3633
vn -0.1892 0.2590 0.9472
vn 0.1232 0.0353 0.9918
vn 0.2149 0.0452 0.9756
vn 0.6270 -0.4355 -0.6459
vn 0.6929 -0.5889 -0.4161
vn 0.7185 -0.5447 -0.4325
vn 0.0704 0.8162 0.5735
vn 0.2444 0.1918 -0.9505
vn 0.3908 0.8071 0.4426
vn -0.8041 -0.4464 0.3925
vn 0.5629 0.1744 -0.8079
vn 0.6687 0.7114 0.2162
vn -0.7103 0.1528 0.6871
vn -0.5785 -0.6201 -0.5299
vn -0.5823 -0.6201 -0.5258
vn -0.5846 -0.6201 -0.5232
vn -0.5633 -0.8262 0.0087
vn 0.0381 0.3546 0.9343
vn -0.7627 0.1021 -0.6386
vn -0.9453 -0.0030 -0.3262
vn -0.7306 -0.0254 -0.6824
vn 0.7251 0.2538 -0.6402
vn -0.5721 -0.6043 -0.5546
vn 0.7063 0.1985 -0.6795
vn -0.7302 -0.2049 0.6518
vn -0.7265 -0.2041 0.6561
vn -0.7273 -0.2043 0.6552
vn -0.2006 0.4294 0.8806
vn -0.5282 -0.4857 -0.6965
vn -0.6823 -0.6925 0.2344
vn 0.0467 0.9237 -0.3804
vn -0.6043 -0.5897 -0.5358
vn -0.6043 -0.5897 -0.5359
vn -0.6217 -0.5916 -0.5132
vn -0.6217 -0.5916 -0.5133
vn 0.4090 0.8368 0.3641
vn -0.7496 -0.5831 -0.3131
vn 0.4228 0.8337 0.3553
vn -0.8789 -0.4557 0.1408
vn -0.8407 -0.5345 -0.0868
vn -0.7772 -0.6123 0.1449
vn -0.7765 -0.6076 0.1669
vn 0.4252 0.8317 0.3571
vn 0.2212 0.9024 0.3697
vn 0.2128 0.9075 0.3623
vn -0.5740 -0.5970 -0.5605
vn -0.7844 -0.6176 0.0572
vn -0.7594 -0.6493 0.0422
vn 0.4099 0.8359 0.3650
vn 0.2706 0.9147 0.3002
vn 0.3538 0.9089 0.2208
vn -0.7345 -0.5309 -0.4228
vn -0.7151 -0.5540 -0.4264
vn -0.6587 -0.5064 -0.5565
vn -0.7018 -0.5149 -0.4923
vn 0.1788 0.9832 0.0368
vn -0.3473 0.8689 0.3526
vn 0.0239 0.9981 -0.0559
vn -0.6661 -0.7105 0.2269
vn -0.7276 -0.6704 0.1452
vn -0.8805 -0.3609 0.3073
vn 0.0738 0.2437 -0.9670
vn 0.4337 0.0941 -0.8961
vn 0.3894 -0.2361 -0.8903
vn -0.8042 -0.1559 0.5736
vn -0.7449 -0.2395 0.6227
vn -0.8305 0.1530 0.5355
vn -0.8322 0.1532 0.5329
vn -0.8302 0.1530 0.5361
vn -0.4656 0.1873 0.8650
vn -0.7565 -0.2074 0.6203
vn -0.7528 -0.2063 0.6251
vn -0.7531 -0.2063 0.6247
vn -0.6652 0.4394 0.6036
vn 0.7541 0.2872 -0.5906
vn 0.7538 0.2847 -0.5922
vn 0.7544 0.2888 -0.5895
vn 0.6470 0.2905 -0.7050
vn 0.2808 -0.0954 -0.9550
vn -0.5962 -0.5982 -0.5355
vn -0.6810 -0.5663 -0.4643
vn -0.7109 -0.5841 -0.3917
vn 0.8076 0.2663 -0.5262
vn 0.6411 0.4450 -0.6252
vn 0.4141 0.3049 -0.8577
vn -0.5826 0.1071 -0.8057
vn -0.7298 0.0619 -0.6808
vn -0.6000 0.0543 -0.7981
vn -0.9183 0.1332 -0.3728
vn -0.9257 -0.0039 -0.3781
vn -0.9451 -0.0203 -0.3262
vn -0.7234 0.2578 -0.6405
vn -0.7433 0.2519 -0.6197
vn -0.6480 0.2418 -0.7222
vn -0.8790 0.1033 0.4654
vn -0.7702 -0.2562 0.5842
vn 0.0015 0.4655 0.8850
vn -0.3150 -0.8842 -0.3450
vn 0.2747 -0.3198 -0.9068
vn 0.0087 -0.4075 -0.9132
vn -0.5625 -0.6127 -0.5551
vn -0.5538 -0.5866 -0.5909
vn -0.6023 -0.5876 -0.5403
vn -0.5994 -0.5879 -0.5432
vn -0.5978 -0.5881 -0.5448
vn -0.8659 -0.4144 0.2802
vn -0.8327 -0.2324 0.5027
vn -0.4766 0.4240 0.7701
vn 0.6556 0.7177 0.2347
vn 0.6532 0.7187 0.2385
vn 0.6516 0.7193 0.2409
vn 0.7336 0.6784 -0.0395
vn 0.5912 0.7558 0.2815
vn 0.7655 0.3152 -0.5610
vn 0.4096 0.4934 -0.7673
vn 0.5551 0.0933 -0.8266
vn 0.5610 0.0911 -0.8228
vn 0.5555 0.0931 -0.8263
vn -0.5136 -0.7668 -0.3850
vn -0.6199 -0.7077 -0.3390
vn -0.7155 -0.6955 -0.0658
vn 0.4587 0.7698 0.4438
vn 0.4907 0.5185 0.7002
vn 0.5364 0.5895 0.6040
vn 0.4308 0.7197 -0.5445
vn 0.8048 0.5460 -0.2328
vn 0.7921 0.1393 -0.5942
vn 0.2460 0.9533 0.1750
vn -0.3645 0.9142 -0.1772
vn -0.1776 0.9493 -0.2594
vn 0.5931 0.8047 -0.0252
vn 0.3874 0.5771 0.7189
vn 0.2775 0.8519 -0.4441
vn -0.7218 -0.1564 0.6742
vn -0.6240 -0.0704 0.7783
vn -0.3996 0.0613 0.9146
vn -0.3002 -0.5082 -0.8072
vn -0.1737 -0.6976 -0.6951
vn -0.1744 -0.6978 -0.6947
vn -0.1748 -0.6979 -0.6945
vn 0.1233 -0.5277 -0.8404
vn 0.0992 -0.5062 -0.8567
vn -0.2908 0.5688 0.7693
vn 0.3931 0.7333 0.5547
vn 0.1011 0.9419 0.3202
vn 0.2335 0.2277 -0.9453
vn 0.3485 0.9252 0.1501
vn -0.7396 -0.1817 0.6481
vn -0.7381 -0.1833 0.6493
vn -0.7366 -0.1849 0.6505
vn 0.5614 0.0910 -0.8225
vn 0.6598 0.7143 0.2330
vn -0.7582 0.0292 0.6514
vn -0.5761 -0.6201 -0.5325
vn -0.6390 -0.7573 0.1349
vn 0.0568 0.4605 0.8858
vn 0.7498 0.3278 -0.5748
vn -0.4518 -0.5857 -0.6729
vn 0.5150 -0.0752 -0.8539
vn -0.6954 -0.0981 0.7119
vn -0.2410 0.6047 0.7591
vn -0.2800 -0.8600 -0.4265
vn -0.7521 -0.4740 0.4580
vn -0.0683 0.9894 -0.1279
vn 0.4563 0.8338 0.3107
vn -0.6579 -0.6030 -0.4511
vn 0.3203 0.8282 0.4598
vn -0.6654 -0.6398 -0.3846
vn -0.6905 -0.6124 -0.3849
vn -0.7289 -0.6845 0.0142
vn -0.7910 -0.5702 0.2217
vn 0.3225 0.8257 0.4628
vn 0.0413 0.8543 0.5181
vn 0.2234 0.9088 0.3523
vn -0.6136 -0.5974 -0.5163
vn -0.4809 -0.7347 -0.4785
vn -0.6378 -0.7420 -0.2065
vn 0.3758 0.8355 0.4009
vn 0.4039 0.9025 0.1495
vn 0.5545 0.8295 -0.0666
vn -0.6430 -0.5529 -0.5300
vn -0.6309 -0.5754 -0.5204
vn -0.6448 -0.5077 -0.5713
vn -0.6370 -0.5251 -0.5644
vn -0.0403 0.9032 0.4273
vn -0.0892 0.9865 0.1375
vn -0.0214 0.9998 -0.0050
vn -0.6636 -0.7193 0.2055
vn -0.7895 -0.6112 -0.0561
vn -0.7890 -0.6118 -0.0557
vn -0.7897 -0.6109 -0.0564
vn -0.7365 -0.1852 0.6506
vn 0.6402 0.1032 -0.7612
vn 0.1683 0.1766 -0.9698
vn 0.2491 -0.1676 -0.9538
vn -0.7573 -0.2076 0.6192
vn -0.8369 -0.1923 0.5124
vn -0.8327 0.1532 0.5321
vn -0.6190 -0.0215 0.7851
vn -0.7924 0.1359 0.5947
vn -0.7309 -0.2051 0.6510
vn 0.7536 0.2832 -0.5932
vn 0.6423 0.3063 -0.7026
vn 0.0071 -0.4731 -0.8810
vn -0.4721 -0.5770 -0.6664
vn -0.6172 -0.5583 -0.5543
vn -0.5792 -0.5916 -0.5609
vn 0.8078 0.4101 -0.4233
vn 0.5539 0.7312 -0.3982
vn 0.4056 0.1426 -0.9029
vn -0.8721 -0.1956 0.4486
vn -0.8265 0.0676 0.5588
vn -0.0165 0.3695 0.9291
vn -0.6091 -0.7671 0.2013
vn 0.0474 -0.9988 0.0097
vn -0.7431 -0.6430 -0.1854
vn -0.5057 -0.6078 -0.6123
vn -0.5781 -0.5862 -0.5676
vn -0.6040 -0.5875 -0.5386
vn -0.7547 0.1030 0.6480
vn -0.7728 -0.4559 0.4416
vn -0.5742 0.1147 0.8106
vn 0.6572 0.7170 0.2322
vn 0.6226 0.7467 0.2342
vn 0.6129 0.7673 0.1886
vn 0.7390 0.4616 -0.4907
vn 0.6582 0.2136 -0.7219
vn 0.5555 -0.0695 -0.8286
vn -0.7883 -0.6129 -0.0549
vn -0.5535 -0.7238 -0.4120
vn -0.8328 -0.4099 0.3720
vn 0.5196 0.8531 -0.0464
vn 0.6536 0.6065 0.4528
vn 0.5634 0.6388 0.5240
vn 0.5216 0.6017 -0.6048
vn 0.9041 0.2733 -0.3284
vn 0.8137 0.0638 -0.5778
vn 0.1054 0.8456 0.5232
vn -0.5212 0.8442 0.1256
vn -0.4721 0.7117 0.5202
vn 0.2572 0.7295 0.6338
vn 0.2239 0.9598 -0.1694
vn 0.4817 0.7974 0.3635
vn -0.7211 -0.2816 0.6330
vn -0.6236 -0.1966 0.7566
vn -0.3972 0.1222 0.9095
vn 0.2445 -0.2879 -0.9259
vn -0.1736 -0.6976 -0.6952
vn -0.3402 -0.6558 -0.6740
vn -0.4831 -0.7679 -0.4205
vn -0.4826 -0.7685 -0.4201
vn -0.4820 -0.7687 -0.4204
vn 0.0904 0.7936 0.6016
vn -0.3611 -0.7674 -0.5298
vn -0.1319 -0.9877 -0.0841
vn 0.2123 0.2686 -0.9396
vn 0.6076 -0.1382 -0.7821
vn -0.8473 0.1399 0.5124
vn -0.5240 -0.6783 -0.5151
vn -0.7730 0.1835 0.6072
vn 0.7639 0.1679 -0.6231
vn 0.6431 0.6318 0.4327
vn -0.6917 -0.6382 -0.3382
vn 0.8852 0.2232 -0.4081
vn -0.5413 -0.6871 -0.4846
vn -0.5408 -0.6863 -0.4864
vn -0.5377 -0.6875 -0.4881
vn 0.2092 0.8376 0.5047
vn -0.4614 0.5288 -0.7124
vn -0.6296 0.3442 -0.6965
vn -0.6375 0.5257 -0.5633
vn -0.5302 -0.6791 -0.5077
vn -0.5312 -0.6767 -0.5098
vn -0.8988 -0.2062 0.3868
vn 0.4544 0.7004 0.5504
vn -0.8089 0.2150 0.5473
vn -0.9416 0.0092 0.3367
vn -0.4050 -0.6800 -0.6112
vn -0.3263 -0.7162 -0.6169
vn -0.4430 -0.7032 -0.5561
vn -0.6626 0.3310 -0.6719
vn -0.5830 0.5314 -0.6147
vn -0.6057 0.5249 -0.5980
vn -0.5829 0.3494 -0.7336
vn -0.6036 0.3501 -0.7163
vn -0.5425 0.5527 -0.6326
vn -0.5340 0.3270 -0.7797
vn -0.5058 0.3351 -0.7949
vn -0.4511 0.3305 -0.8290
vn -0.0278 0.7455 0.6660
vn -0.0249 0.6931 0.7205
vn 0.2102 0.7637 0.6104
vn -0.5787 -0.6798 -0.4506
vn -0.6605 -0.6410 -0.3910
vn -0.5753 -0.6574 -0.4868
vn 0.9004 0.2119 -0.3799
vn 0.8899 0.4310 -0.1493
vn 0.8801 -0.0277 -0.4739
vn -0.6212 -0.6615 -0.4200
vn -0.5409 -0.6782 -0.4975
vn -0.5386 -0.6829 -0.4935
vn -0.6041 -0.6546 -0.4545
vn 0.7043 0.6136 0.3570
vn 0.4615 0.8474 0.2625
vn 0.4946 0.8383 0.2293
vn 0.4998 0.8339 0.2342
vn 0.4994 0.8342 0.2339
vn 0.8777 0.3727 -0.3012
vn 0.8103 0.4716 -0.3479
vn 0.8109 0.4713 -0.3469
vn 0.8163 0.4691 -0.3370
vn 0.8281 0.0800 -0.5548
vn -0.9304 -0.3538 0.0958
vn -0.9254 -0.1354 0.3540
vn -0.6705 0.1124 0.7334
vn -0.3980 -0.6584 -0.6388
vn -0.2323 -0.6096 -0.7579
vn -0.5490 -0.6460 -0.5303
vn -0.9099 -0.3426 0.2340
vn -0.8815 -0.4266 0.2026
vn -0.8092 0.0599 0.5845
vn 0.8343 0.3530 -0.4234
vn 0.8324 0.3197 -0.4527
vn 0.7854 0.2418 -0.5699
vn -0.4903 -0.7665 -0.4148
vn -0.4890 -0.7668 -0.4158
vn -0.2394 -0.7990 -0.5515
vn -0.2559 -0.7600 -0.5975
vn 0.0853 0.8425 0.5319
vn 0.1156 0.9212 0.3715
vn 0.1677 0.9159 0.3646
vn -0.1693 -0.7510 -0.6382
vn -0.1703 -0.7512 -0.6377
vn -0.1689 -0.7546 -0.6341
vn -0.4754 -0.7127 -0.5159
vn -0.5464 -0.7538 -0.3651
vn 0.1606 0.8335 0.5286
vn -0.5518 -0.7103 -0.4370
vn 0.7646 0.2380 -0.5989
vn -0.8753 -0.0594 0.4800
vn -0.4528 -0.6832 -0.5730
vn -0.7517 0.0362 0.6585
vn 0.7931 0.0863 -0.6030
vn 0.5928 0.6411 0.4874
vn -0.4529 -0.7006 -0.5514
vn 0.5987 -0.2262 -0.7683
vn -0.5939 -0.6755 -0.4371
vn 0.4943 0.8386 0.2289
vn -0.3829 -0.6860 -0.6188
vn -0.8111 0.0132 0.5848
vn -0.7712 0.0316 0.6359
vn 0.2627 0.7981 0.5422
vn -0.9449 -0.1871 0.2685
vn -0.3396 -0.6770 -0.6529
vn -0.3927 -0.7096 -0.5850
vn -0.5291 -0.6815 -0.5057
vn 0.4943 0.8200 0.2885
vn 0.0047 0.7083 0.7059
vn 0.2559 0.7803 0.5707
vn -0.5890 -0.6568 -0.4709
vn -0.5534 -0.6600 -0.5081
vn 0.8974 0.4265 -0.1125
vn 0.9363 0.2682 -0.2265
vn 0.8586 -0.0787 -0.5065
vn -0.4326 -0.6924 -0.5774
vn -0.6288 -0.6449 -0.4345
vn -0.7082 -0.6025 -0.3680
vn 0.6112 0.6391 0.4668
vn 0.5605 0.8050 0.1944
vn 0.4845 0.8398 0.2447
vn 0.8168 0.4689 -0.3360
vn 0.8518 0.4170 -0.3171
vn 0.8161 0.1075 -0.5678
vn -0.9063 -0.4079 0.1103
vn -0.8246 -0.3759 0.4227
vn -0.6752 0.1296 0.7261
vn -0.3534 -0.6522 -0.6706
vn -0.4084 -0.6309 -0.6597
vn -0.5371 -0.6476 -0.5405
vn -0.7934 0.2172 0.5686
vn -0.9055 -0.3428 0.2503
vn -0.8023 0.1086 0.5870
vn 0.8456 0.3110 -0.4338
vn 0.8009 0.4075 -0.4388
vn 0.7874 0.1612 -0.5950
vn -0.6291 -0.7035 -0.3305
vn -0.5012 -0.7455 -0.4393
vn -0.3721 -0.7440 -0.5549
vn -0.0645 0.7424 0.6669
vn 0.0376 0.8794 0.4747
vn 0.0420 0.8442 0.5343
vn -0.1692 -0.7511 -0.6381
vn -0.1670 -0.7580 -0.6306
vn -0.4691 -0.7879 -0.3990
vn -0.2378 0.7350 0.6351
vn -0.1986 0.6897 0.6964
vn -0.4028 0.1080 0.9089
vn -0.1159 0.0329 0.9927
vn -0.6586 0.0687 0.7494
vn 0.0702 0.1029 0.9922
vn -0.5897 -0.0186 0.8074
vn 0.2131 0.4259 0.8793
vn -0.0031 0.6188 0.7856
vn -0.4830 -0.1728 0.8584
vn -0.7567 0.0397 0.6525
vn -0.5868 -0.5127 0.6267
vn -0.8861 -0.0191 0.4631
vn -0.2457 -0.3032 0.9207
vn -0.2659 -0.3098 0.9128
vn -0.0695 -0.5659 0.8215
vn -0.7182 0.6244 0.3070
vn -0.7590 -0.3614 0.5416
vn -0.1882 -0.5848 0.7891
vn -0.7514 -0.1929 0.6310
s 1
usemtl Material.002
f 2//1 155//1 58//1
f 4//2 156//2 134//2
f 6//3 157//3 135//3
f 8//4 158//4 136//4
f 10//5 159//5 137//5
f 12//6 160//6 229//6 138//6
f 14//7 161//7 139//7
f 16//8 162//8 140//8
f 18//9 163//9 141//9
f 4//10 57//10 2//10 88//10 22//10 85//10 20//10 82//10 18//10 79//10 16//10 76//10 14//10 73//10 12//10 70//10 10//10 67//10 8//10 64//10 6//10 61//10
f 20//11 164//11 142//11
f 143//12 164//12 475//12 494//12 474//12
f 1//13 56//13 3//13 60//13 5//13 63//13 7//13 66//13 9//13 69//13 11//13 72//13 13//13 75//13 15//13 78//13 17//13 81//13 19//13 84//13 21//13 87//13
f 33//14 166//14 120//14
f 32//15 167//15 119//15
f 31//16 168//16 118//16
f 30//17 169//17 117//17
f 29//18 544//18 543//18
f 28//19 171//19 115//19
f 27//20 172//20 114//20
f 26//21 173//21 113//21
f 25//22 174//22 112//22
f 24//23 175//23 111//23
f 23//24 176//24 89//24
f 44//25 177//26 121//27
f 34//28 178//28 59//28
f 35//29 179//30 62//31
f 36//32 180//32 65//32
f 37//33 181//34 68//35
f 38//36 182//36 71//36
f 39//37 183//37 74//37
f 40//38 184//38 77//38
f 41//39 185//40 80//41
f 42//42 186//42 83//42
f 43//43 187//44 86//45
f 55//46 188//46 99//46
f 54//47 189//47 388//47 98//47
f 53//48 190//48 97//48
f 52//49 191//50 96//51
f 51//52 192//52 95//52
f 50//53 193//53 94//53
f 49//54 194//54 93//54
f 48//55 195//56 92//57
f 355//58 304//58 324//58
f 46//59 197//59 90//59
f 45//60 198//60 133//60
f 2//61 57//61 155//61
f 4//62 61//62 156//62
f 6//63 64//63 157//63
f 8//64 67//64 158//64
f 10//65 70//65 159//65
f 12//66 73//66 160//66
f 14//67 76//67 161//67
f 16//68 79//68 162//68
f 18//69 82//69 163//69
f 20//70 85//70 164//70
f 22//71 88//71 165//71
f 33//72 100//72 166//72
f 32//73 385//73 101//73 167//73
f 31//74 102//74 168//74
f 30//75 103//75 169//75
f 29//76 104//76 545//76 544//76
f 28//77 105//77 171//77
f 27//78 106//78 172//78
f 26//79 107//79 173//79
f 25//80 108//81 174//82
f 24//83 109//83 175//83
f 23//84 110//84 176//84
f 44//85 122//85 177//85
f 34//86 123//86 178//86
f 35//87 124//88 179//89
f 36//90 125//90 180//90
f 37//33 126//91 181//34
f 38//92 127//92 182//92
f 39//93 128//93 183//93
f 40//94 129//94 184//94
f 41//95 130//95 185//95
f 42//96 131//96 186//96
f 43//97 132//97 187//97
f 55//98 144//98 188//98
f 54//99 145//99 189//99
f 53//100 146//100 190//100
f 52//49 147//101 191//50
f 51//102 223//102 148//102 192//102
f 50//103 224//103 149//103 193//103
f 49//104 150//104 194//104
f 48//105 151//105 195//105
f 354//106 301//106 327//106
f 46//107 153//107 316//107 197//107
f 45//108 154//108 198//108
f 198//109 90//109 24//109
f 198//110 154//110 90//110
f 154//111 46//111 90//111
f 197//112 315//112 91//112 25//112
f 353//113 302//113 328//113
f 317//114 320//114 352//114
f 196//115 92//115 26//115
f 196//116 318//116 152//116 92//116
f 152//117 48//117 92//117
f 195//118 93//118 27//118
f 195//119 151//119 93//119
f 151//120 49//120 93//120
f 194//121 94//121 28//121
f 194//122 150//122 94//122
f 150//123 50//123 94//123
f 193//124 95//124 29//124
f 193//125 149//125 95//125
f 149//126 222//126 51//126 95//126
f 192//127 96//127 30//127
f 192//128 148//128 96//128
f 148//129 52//130 96//131
f 191//132 97//132 31//132
f 191//133 147//133 97//133
f 147//134 53//134 97//134
f 190//135 98//135 383//135 32//135
f 190//136 146//136 98//136
f 146//137 54//137 98//137
f 189//138 99//138 33//138 386//138
f 189//139 145//139 99//139
f 145//140 55//140 99//140
f 188//141 133//142 23//143
f 188//141 144//144 133//142
f 144//145 45//146 133//147
f 187//148 121//148 1//148
f 187//149 132//149 121//149
f 132//150 44//150 121//150
f 186//151 86//152 21//153
f 186//154 131//154 86//154
f 131//155 43//155 86//155
f 185//156 83//156 19//156
f 185//157 130//157 83//157
f 130//158 42//159 83//160
f 184//161 80//161 17//161
f 184//162 129//162 80//162
f 129//163 41//163 80//163
f 183//164 77//164 15//164
f 183//165 128//165 77//165
f 128//166 40//166 77//166
f 182//167 74//167 13//167
f 182//168 127//168 74//168
f 127//169 39//169 74//169
f 181//170 71//170 11//170
f 181//171 126//171 71//171
f 126//172 38//172 71//172
f 180//173 68//173 9//173
f 180//174 125//174 68//174
f 125//175 37//175 68//175
f 179//176 65//176 7//176
f 179//177 124//177 65//177
f 124//178 36//178 65//178
f 178//179 62//180 5//181
f 178//179 123//182 62//180
f 123//183 35//184 62//185
f 177//186 59//187 3//188
f 177//189 122//189 59//189
f 122//190 34//190 59//190
f 176//191 111//191 34//191
f 176//192 110//192 111//192
f 110//193 24//193 111//193
f 175//194 112//194 35//194
f 175//195 109//195 112//195
f 109//196 25//196 112//196
f 174//197 113//197 36//197
f 174//198 108//198 113//198
f 108//199 26//199 113//199
f 173//200 114//200 37//200
f 173//201 107//201 114//201
f 107//202 27//202 114//202
f 172//203 115//203 38//203
f 172//204 106//204 115//204
f 106//205 28//205 115//205
f 171//206 551//206 560//206 547//206
f 171//207 105//207 550//207
f 105//208 29//208 543//208 550//208
f 170//209 553//209 556//209
f 170//210 552//210 553//210
f 104//211 30//211 117//211
f 169//212 118//212 41//212
f 169//213 103//213 118//213
f 103//214 31//215 118//216
f 168//217 119//217 42//217
f 168//218 102//218 119//218
f 102//219 32//219 119//219
f 167//220 120//220 43//220
f 167//221 101//221 120//221
f 101//222 384//222 33//222 120//222
f 166//223 89//224 44//225
f 166//223 100//226 89//224
f 100//227 23//227 89//227
f 165//228 58//228 45//228
f 165//229 88//229 58//229
f 88//230 2//230 58//230
f 164//231 143//231 55//231
f 85//232 22//232 472//232 492//232 473//232
f 164//233 85//233 473//233 495//233 475//233
f 163//234 142//235 54//236
f 163//234 82//237 142//235
f 82//238 20//238 142//238
f 162//239 141//239 53//239
f 162//240 79//240 141//240
f 79//241 18//241 141//241
f 161//242 140//242 52//242
f 161//243 76//243 140//243
f 76//244 16//244 140//244
f 293//245 204//245 238//245
f 160//246 73//246 139//246 226//246
f 73//247 14//247 139//247
f 159//248 138//248 220//248 50//248
f 159//249 70//249 138//249
f 70//250 12//250 138//250
f 158//251 137//251 49//251
f 158//252 67//252 137//252
f 67//253 10//253 137//253
f 157//254 136//254 48//254
f 157//255 64//255 136//255
f 64//256 8//256 136//256
f 156//257 135//257 47//257
f 156//258 61//258 135//258
f 61//259 6//259 135//259
f 155//260 134//261 46//262
f 155//260 57//263 134//261
f 57//264 4//264 134//264
f 133//265 110//265 23//265
f 133//266 198//266 110//266
f 198//267 24//267 110//267
f 90//268 109//268 24//268
f 90//269 197//269 109//269
f 197//270 25//270 109//270
f 91//271 108//81 25//80
f 91//272 319//272 196//272 108//272
f 196//273 26//273 108//273
f 92//274 107//274 26//274
f 92//57 195//56 107//275
f 195//276 27//276 107//276
f 93//277 106//277 27//277
f 93//278 194//278 106//278
f 194//279 28//279 106//279
f 94//280 105//280 28//280
f 94//281 193//281 105//281
f 193//282 29//282 105//282
f 95//283 104//283 29//283
f 95//284 192//284 104//284
f 192//285 30//285 104//285
f 96//286 103//286 30//286
f 96//51 191//50 103//287
f 191//288 31//215 103//214
f 97//289 102//289 31//289
f 97//290 190//290 102//290
f 190//291 32//291 102//291
f 398//292 391//292 470//292
f 387//293 390//294 469//295
f 389//296 395//297 468//298
f 99//299 100//299 33//299
f 99//300 188//300 100//300
f 188//301 23//301 100//301
f 86//152 87//302 21//153
f 86//45 187//44 87//303
f 187//304 1//304 87//304
f 83//305 84//305 19//305
f 83//306 186//306 84//306
f 186//307 21//307 84//307
f 80//308 81//308 17//308
f 80//41 185//40 81//309
f 185//310 19//310 81//310
f 77//311 78//311 15//311
f 77//312 184//312 78//312
f 184//313 17//313 78//313
f 74//314 75//314 13//314
f 74//315 183//315 75//315
f 183//316 15//316 75//316
f 71//317 72//317 11//317
f 71//318 182//318 72//318
f 182//319 13//319 72//319
f 68//320 69//320 9//320
f 68//321 181//321 69//321
f 181//322 11//322 69//322
f 65//323 66//323 7//323
f 65//324 180//324 66//324
f 180//325 9//325 66//325
f 62//326 63//326 5//326
f 62//31 179//30 63//327
f 179//328 7//328 63//328
f 59//329 60//329 3//329
f 59//330 178//330 60//330
f 178//331 5//331 60//331
f 121//27 56//332 1//333
f 121//27 177//26 56//332
f 177//186 3//188 56//334
f 89//335 122//335 44//335
f 89//336 176//336 122//336
f 176//337 34//337 122//337
f 111//338 123//338 34//338
f 111//339 175//339 123//339
f 175//340 35//184 123//183
f 112//341 124//88 35//87
f 112//342 174//342 124//342
f 174//343 36//343 124//343
f 113//344 125//344 36//344
f 113//345 173//345 125//345
f 173//346 37//346 125//346
f 114//347 126//347 37//347
f 114//348 172//348 126//348
f 172//349 38//349 126//349
f 115//350 127//350 38//350
f 115//351 171//351 127//351
f 171//352 39//352 127//352
f 116//353 554//353 560//353
f 116//354 170//354 559//354 554//354
f 170//355 556//355 559//355
f 117//356 129//356 40//356
f 117//357 169//357 129//357
f 169//358 41//358 129//358
f 118//359 130//359 41//359
f 118//360 168//360 130//360
f 168//361 42//159 130//158
f 119//362 131//362 42//362
f 119//363 167//363 131//363
f 167//364 43//364 131//364
f 120//365 132//365 43//365
f 120//366 166//366 132//366
f 166//367 44//367 132//367
f 143//368 144//368 55//368
f 143//369 165//369 144//369
f 165//370 45//146 144//145
f 142//371 145//371 54//371
f 142//372 164//372 145//372
f 164//373 55//373 145//373
f 141//374 146//374 53//374
f 141//375 163//375 146//375
f 163//376 54//376 146//376
f 140//377 147//377 52//377
f 140//378 162//378 147//378
f 162//379 53//379 147//379
f 225//380 235//381 292//382
f 139//383 161//383 148//383 227//383
f 161//384 52//130 148//129
f 291//385 203//385 233//385
f 228//386 231//386 290//386
f 230//387 240//387 289//387
f 137//388 150//388 49//388
f 137//389 159//389 150//389
f 159//390 50//390 150//390
f 136//391 151//391 48//391
f 136//392 158//392 151//392
f 158//393 49//393 151//393
f 135//394 152//394 314//394 47//394
f 135//395 157//395 152//395
f 157//396 48//396 152//396
f 134//397 153//397 46//397
f 134//398 156//398 153//398
f 156//399 47//399 311//399 153//399
f 58//400 154//400 45//400
f 58//401 155//401 154//401
f 155//402 46//402 154//402
f 256//403 251//403 288//403
f 257//404 248//404 287//404
f 286//405 211//405 252//405
f 236//406 254//406 285//406
f 241//407 295//407 297//407 284//407
f 244//408 237//408 283//408
f 242//409 234//409 282//409
f 253//410 268//410 281//410
f 271//411 259//411 280//411
f 279//412 217//412 261//412
f 278//413 214//413 263//413
f 255//414 265//414 277//414
f 239//415 249//415 276//415
f 275//416 210//416 247//416
f 219//417 265//417 264//417
f 215//418 266//418 260//418
f 213//419 267//419 259//419
f 213//420 268//420 267//420
f 219//421 264//421 269//421
f 274//422 218//422 266//422
f 270//423 262//423 273//423
f 273//424 218//424 272//424
f 248//425 272//425 211//425
f 209//426 273//426 248//426
f 255//427 266//427 215//427
f 208//428 274//428 255//428
f 252//429 272//429 274//429
f 269//430 261//431 217//432
f 269//433 264//433 261//433
f 264//434 216//434 261//434
f 267//435 269//430 217//432
f 267//436 268//436 269//436
f 268//437 219//437 269//437
f 259//438 263//438 214//438
f 259//439 267//439 263//439
f 267//440 217//440 263//440
f 260//441 262//441 216//441
f 260//442 266//442 262//442
f 266//443 218//443 262//443
f 264//444 260//444 216//444
f 264//445 265//445 260//445
f 265//446 215//446 260//446
f 257//447 247//447 209//447
f 202//448 275//448 257//448
f 233//449 258//449 275//449
f 276//450 210//450 258//450
f 235//451 258//451 203//451
f 200//452 276//453 235//454
f 277//455 219//455 253//455
f 251//456 253//456 212//456
f 208//457 277//457 251//457
f 246//458 263//458 217//458
f 210//459 278//459 246//459
f 249//460 250//460 278//460
f 270//461 261//461 216//461
f 209//462 279//462 270//462
f 247//463 246//463 279//463
f 280//464 214//464 250//464
f 245//465 250//465 207//465
f 206//466 280//466 245//466
f 281//467 213//468 271//469
f 254//470 271//470 206//470
f 212//471 281//471 254//471
f 282//472 204//472 243//472
f 223//473 243//473 148//473
f 51//474 282//474 223//474
f 283//475 205//475 230//475
f 226//476 230//476 160//476
f 139//477 283//477 226//477
f 284//478 298//478 294//478 239//478
f 231//479 239//479 200//479
f 199//480 284//481 231//482
f 285//483 206//483 296//483 241//483
f 240//484 241//484 199//484
f 205//485 285//485 240//485
f 256//486 252//486 208//486
f 201//487 286//487 256//487
f 238//488 232//488 286//488
f 287//489 211//490 232//491
f 234//492 232//492 204//492
f 202//493 287//493 234//493
f 288//494 212//494 236//494
f 237//495 236//495 205//495
f 201//496 288//496 237//496
f 289//497 199//497 228//497
f 229//498 228//498 138//498
f 160//499 289//499 229//499
f 290//500 200//500 225//500
f 220//501 225//501 50//501
f 138//502 290//502 220//502
f 242//503 233//503 202//503
f 51//504 291//504 242//504
f 222//505 221//505 291//505
f 292//506 203//506 221//506
f 224//507 221//507 149//507
f 50//508 292//508 224//508
f 244//509 238//509 201//509
f 139//510 293//510 244//510
f 227//511 243//512 293//513
f 293//514 243//514 204//514
f 225//515 200//452 235//454
f 291//516 221//516 203//516
f 228//517 199//480 231//482
f 230//518 205//518 240//518
f 256//519 208//519 251//519
f 257//520 209//520 248//520
f 286//521 232//521 211//521
f 236//522 212//522 254//522
f 241//523 296//523 295//523
f 244//524 201//524 237//524
f 242//525 202//525 234//525
f 253//526 219//526 268//526
f 271//527 213//527 259//527
f 279//528 246//528 217//528
f 278//529 250//529 214//529
f 255//530 215//530 265//530
f 239//531 294//531 207//531 249//531
f 275//532 258//532 210//532
f 274//533 272//533 218//533
f 270//534 216//534 262//534
f 273//535 262//535 218//535
f 248//536 273//536 272//536
f 209//537 270//537 273//537
f 255//538 274//538 266//538
f 208//539 252//539 274//539
f 252//540 211//540 272//540
f 257//541 275//541 247//541
f 202//542 233//542 275//542
f 233//543 203//543 258//543
f 276//544 249//544 210//544
f 235//545 276//545 258//545
f 200//546 239//546 276//546
f 277//547 265//547 219//547
f 251//548 277//548 253//548
f 208//549 255//549 277//549
f 246//550 278//550 263//550
f 210//551 249//551 278//551
f 249//552 207//552 250//552
f 270//553 279//553 261//553
f 209//554 247//554 279//554
f 247//555 210//555 246//555
f 280//556 259//556 214//556
f 245//557 280//557 250//557
f 206//558 271//558 280//558
f 281//559 268//559 213//559
f 254//560 281//467 271//469
f 212//561 253//561 281//561
f 282//562 234//562 204//562
f 223//563 282//563 243//563
f 51//564 242//564 282//564
f 283//565 237//565 205//565
f 226//566 283//566 230//566
f 139//567 244//567 283//567
f 284//568 297//568 298//568
f 231//569 284//569 239//569
f 199//570 241//570 284//570
f 285//571 254//571 206//571
f 240//572 285//572 241//572
f 205//573 236//573 285//573
f 256//574 286//574 252//574
f 201//575 238//575 286//575
f 238//576 204//576 232//576
f 287//577 248//577 211//577
f 234//578 287//489 232//491
f 202//579 257//579 287//579
f 288//580 251//580 212//580
f 237//581 288//581 236//581
f 201//582 256//582 288//582
f 289//583 240//583 199//583
f 229//584 289//584 228//584
f 160//585 230//585 289//585
f 290//586 231//586 200//586
f 220//587 290//587 225//587
f 138//588 228//588 290//588
f 242//589 291//589 233//589
f 51//590 222//590 291//590
f 222//591 149//591 221//591
f 292//592 235//592 203//592
f 224//593 292//593 221//593
f 50//594 225//380 292//382
f 244//595 293//595 238//595
f 139//596 227//511 293//513
f 227//597 148//597 243//597
f 295//523 296//523 206//523 245//523
f 298//568 297//568 245//568 207//568
f 297//407 295//407 245//407
f 294//478 298//478 207//598
f 351//599 307//599 339//599
f 341//600 332//600 350//600
f 349//601 310//601 336//601
f 326//602 340//602 348//602
f 330//603 323//604 347//605
f 313//606 325//606 346//606
f 306//607 333//607 334//607
f 306//608 335//608 333//608
f 310//609 337//609 336//609
f 305//610 332//611 338//612
f 342//613 337//613 345//613
f 344//614 309//614 335//614
f 341//615 335//615 306//615
f 300//616 344//616 341//616
f 323//617 343//617 344//617
f 345//618 310//618 321//618
f 325//619 321//619 304//619
f 299//620 345//620 325//620
f 338//621 334//621 308//621
f 338//612 332//611 334//612
f 332//611 306//611 334//612
f 336//622 338//622 308//622
f 336//623 337//623 338//623
f 337//624 305//624 338//624
f 333//625 339//625 307//625
f 333//608 335//608 339//608
f 335//608 309//626 339//608
f 334//627 340//627 308//627
f 334//628 333//629 340//630
f 333//629 307//631 340//630
f 346//632 304//632 331//632
f 316//633 331//633 197//633
f 153//634 346//634 316//634
f 347//635 300//635 317//635
f 314//636 317//636 47//636
f 152//637 347//637 314//637
f 348//638 307//638 322//638
f 328//639 322//639 301//639
f 302//640 348//640 328//640
f 326//641 336//641 308//641
f 302//642 349//642 326//642
f 324//643 321//643 349//643
f 350//644 305//644 342//644
f 320//645 342//645 299//645
f 300//646 350//646 320//646
f 343//647 339//647 309//647
f 303//648 351//649 343//650
f 327//651 322//652 351//653
f 352//654 299//654 313//654
f 311//655 313//656 153//655
f 47//655 352//655 311//655
f 329//657 328//657 301//657
f 196//658 353//658 329//658
f 319//659 312//660 353//661
f 330//662 327//662 303//662
f 152//663 354//663 330//663
f 318//664 329//664 354//664
f 312//665 324//665 302//665
f 91//666 355//666 312//666
f 315//667 331//667 355//667
f 355//668 331//668 304//668
f 354//669 329//669 301//669
f 353//670 312//670 302//670
f 317//671 300//671 320//671
f 351//653 322//652 307//672
f 341//673 306//673 332//673
f 349//674 321//674 310//674
f 326//675 308//675 340//675
f 330//603 303//676 323//604
f 313//677 299//677 325//677
f 342//678 305//678 337//678
f 344//679 343//679 309//679
f 341//680 344//680 335//680
f 300//681 323//681 344//681
f 323//682 303//682 343//682
f 345//683 337//683 310//683
f 325//684 345//684 321//684
f 299//685 342//685 345//685
f 346//686 325//686 304//686
f 316//687 346//687 331//687
f 153//688 313//688 346//688
f 347//689 323//689 300//689
f 314//690 347//690 317//690
f 152//691 330//691 347//691
f 348//692 340//692 307//692
f 328//693 348//693 322//693
f 302//694 326//694 348//694
f 326//695 349//695 336//695
f 302//696 324//696 349//696
f 324//697 304//697 321//697
f 350//698 332//698 305//698
f 320//699 350//699 342//699
f 300//700 341//700 350//700
f 343//650 351//649 339//701
f 303//702 327//702 351//702
f 327//703 301//703 322//703
f 352//704 320//704 299//704
f 311//655 352//655 313//656
f 47//705 317//705 352//705
f 329//706 353//706 328//706
f 196//707 319//659 353//661
f 319//659 91//708 312//660
f 330//709 354//709 327//709
f 152//710 318//710 354//710
f 318//711 196//711 329//711
f 312//712 355//712 324//712
f 91//713 315//713 355//713
f 315//714 197//714 331//714
f 428//715 423//715 467//715
f 466//716 364//716 403//716
f 396//717 405//717 465//717
f 397//718 392//718 464//718
f 463//719 359//719 393//719
f 418//720 415//720 462//720
f 417//721 410//721 461//721
f 406//722 412//723 460//724
f 408//725 420//725 459//725
f 394//726 400//726 458//726
f 366//727 414//727 410//727
f 366//728 415//728 414//728
f 370//729 413//729 416//729
f 457//730 369//730 413//730
f 404//731 411//731 456//731
f 455//732 378//732 436//732
f 425//733 438//734 454//735
f 429//736 426//736 453//736
f 452//737 372//737 424//737
f 451//738 373//738 421//738
f 450//739 375//739 422//739
f 437//740 434//740 449//741
f 438//742 435//743 448//743
f 447//744 381//744 434//744
f 443//745 432//745 446//745
f 445//746 380//746 435//746
f 439//747 433//747 444//747
f 444//748 377//748 443//748
f 421//749 443//749 371//749
f 373//750 444//750 421//750
f 425//751 435//751 382//751
f 376//752 445//752 425//752
f 423//753 442//753 445//753
f 446//754 378//754 440//754
f 420//755 440//755 372//755
f 371//756 446//756 420//756
f 442//757 434//757 380//757
f 374//758 447//758 442//758
f 422//759 441//759 447//759
f 448//743 380//743 437//743
f 433//760 437//760 377//760
f 379//761 448//761 433//761
f 449//741 381//740 436//741
f 432//762 436//762 378//762
f 377//763 449//763 432//763
f 428//764 422//764 374//764
f 363//765 450//765 428//765
f 401//766 431//766 450//766
f 408//767 421//767 371//767
f 358//768 451//768 408//768
f 392//769 430//769 451//769
f 431//770 424//770 375//770
f 364//771 452//771 431//771
f 407//772 427//772 452//772
f 453//773 373//773 430//773
f 409//774 430//774 357//774
f 362//775 453//776 409//777
f 454//778 379//778 439//778
f 426//779 439//780 373//781
f 376//782 454//782 426//782
f 441//783 436//784 381//785
f 375//786 455//786 441//786
f 424//787 440//787 455//787
f 456//788 369//788 419//788
f 401//789 419//789 364//789
f 363//790 456//790 401//790
f 418//791 413//791 370//791
f 365//792 457//792 418//792
f 403//793 419//793 457//793
f 416//794 411//794 368//794
f 416//795 413//795 411//795
f 413//796 369//796 411//796
f 414//797 416//797 368//797
f 414//798 415//798 416//798
f 415//799 370//799 416//799
f 410//800 412//800 367//800
f 410//801 414//801 412//801
f 414//802 368//802 412//802
f 458//803 362//803 409//803
f 390//804 409//804 357//804
f 356//805 458//805 390//805
f 459//806 372//806 427//806
f 391//807 427//807 359//807
f 358//808 459//808 391//808
f 460//809 368//809 404//809
f 402//810 404//810 363//810
f 362//811 460//812 402//813
f 461//814 367//814 406//814
f 400//815 406//815 362//815
f 361//816 461//816 400//816
f 462//817 366//818 417//819
f 405//820 417//820 361//820
f 365//821 462//821 405//821
f 389//822 393//822 360//822
f 189//823 463//823 389//823
f 386//824 399//825 463//826
f 464//827 358//827 398//827
f 385//828 398//828 101//828
f 32//829 464//829 385//829
f 465//830 361//830 394//830
f 395//831 394//831 356//831
f 360//832 465//832 395//832
f 396//833 403//833 365//833
f 360//834 466//834 396//834
f 393//835 407//835 466//835
f 467//836 376//836 429//836
f 402//837 429//837 362//837
f 363//838 467//838 402//838
f 468//839 356//839 387//839
f 388//840 387//840 98//840
f 189//841 468//841 388//841
f 469//842 357//842 397//842
f 383//843 397//843 32//843
f 98//844 469//844 383//844
f 470//845 359//845 399//845
f 384//846 399//847 33//848
f 101//849 470//849 384//849
f 398//850 358//850 391//850
f 387//851 356//851 390//851
f 389//852 360//852 395//852
f 428//853 374//853 423//853
f 466//854 407//854 364//854
f 396//855 365//855 405//855
f 397//856 357//857 392//858
f 463//826 399//825 359//859
f 418//860 370//860 415//860
f 417//861 366//861 410//861
f 406//722 367//862 412//723
f 408//863 371//863 420//863
f 394//864 361//864 400//864
f 457//865 419//865 369//865
f 404//866 368//866 411//866
f 455//867 440//867 378//867
f 425//868 382//868 438//868
f 429//869 376//869 426//869
f 452//870 427//870 372//870
f 451//871 430//871 373//871
f 450//872 431//872 375//872
f 437//740 380//740 434//740
f 438//742 382//743 435//743
f 447//873 441//873 381//873
f 443//874 377//874 432//874
f 445//875 442//875 380//875
f 439//876 379//876 433//876
f 444//877 433//877 377//877
f 421//878 444//878 443//878
f 373//879 439//879 444//879
f 425//880 445//880 435//880
f 376//881 423//881 445//881
f 423//882 374//882 442//882
f 446//883 432//883 378//883
f 420//884 446//884 440//884
f 371//885 443//885 446//885
f 442//886 447//886 434//886
f 374//887 422//887 447//887
f 422//888 375//888 441//888
f 448//743 435//743 380//743
f 433//889 448//889 437//889
f 379//890 438//890 448//890
f 449//741 434//740 381//740
f 432//891 449//891 436//891
f 377//892 437//892 449//892
f 428//893 450//893 422//893
f 363//894 401//894 450//894
f 401//895 364//895 431//895
f 408//896 451//896 421//896
f 358//897 392//898 451//899
f 392//858 357//857 430//900
f 431//901 452//901 424//901
f 364//902 407//902 452//902
f 407//903 359//903 427//903
f 453//904 426//779 373//781
f 409//905 453//905 430//905
f 362//775 429//906 453//776
f 454//907 438//907 379//907
f 426//908 454//908 439//908
f 376//909 425//733 454//735
f 441//783 455//910 436//784
f 375//911 424//911 455//911
f 424//912 372//912 440//912
f 456//913 411//913 369//913
f 401//914 456//914 419//914
f 363//915 404//915 456//915
f 418//916 457//916 413//916
f 365//917 403//917 457//917
f 403//918 364//918 419//918
f 458//919 400//919 362//919
f 390//920 458//920 409//920
f 356//921 394//921 458//921
f 459//922 420//922 372//922
f 391//923 459//923 427//923
f 358//924 408//924 459//924
f 460//925 412//925 368//925
f 402//926 460//926 404//926
f 362//811 406//927 460//812
f 461//928 410//928 367//928
f 400//929 461//929 406//929
f 361//930 417//930 461//930
f 462//817 415//931 366//818
f 405//932 462//932 417//932
f 365//933 418//933 462//933
f 389//934 463//934 393//934
f 189//935 386//935 463//935
f 386//936 33//936 399//936
f 464//937 392//898 358//897
f 385//938 464//938 398//938
f 32//939 397//939 464//939
f 465//940 405//940 361//940
f 395//941 465//941 394//941
f 360//942 396//942 465//942
f 396//943 466//943 403//943
f 360//944 393//944 466//944
f 393//945 359//945 407//945
f 467//946 423//946 376//946
f 402//947 467//947 429//947
f 363//948 428//948 467//948
f 468//949 395//949 356//949
f 388//950 468//950 387//950
f 189//951 389//296 468//298
f 469//952 390//952 357//952
f 383//953 469//953 397//953
f 98//954 387//293 469//295
f 470//955 391//955 359//955
f 384//846 470//956 399//847
f 101//957 398//957 470//957
f 493//958 504//959 542//960
f 505//961 499//961 541//961
f 496//962 501//962 540//962
f 165//963 143//963 474//963 497//963 471//963
f 22//964 165//964 471//964 491//964 472//964
f 539//965 481//965 508//965
f 515//966 512//966 538//966
f 503//967 514//967 537//967
f 506//968 502//968 536//968
f 535//969 476//969 498//969
f 510//970 519//970 534//970
f 525//971 521//971 533//971
f 532//972 486//972 518//972
f 516//973 511//974 531//975
f 517//976 509//976 530//976
f 487//977 518//977 520//977
f 490//978 522//978 521//978
f 488//979 519//979 523//979
f 526//980 524//981 529//980
f 527//982 522//982 528//982
f 528//983 490//983 525//983
f 512//984 525//984 485//984
f 483//985 528//985 512//985
f 529//986 486//986 513//986
f 514//987 513//987 481//987
f 484//988 529//988 514//988
f 523//989 520//989 489//989
f 523//990 519//990 520//990
f 519//991 487//991 520//991
f 521//992 523//992 489//992
f 521//993 522//993 523//993
f 522//994 488//994 523//994
f 520//995 524//995 489//995
f 520//996 518//996 524//996
f 518//997 486//997 524//997
f 530//998 483//998 515//998
f 499//999 515//999 478//999
f 477//1000 530//1000 499//1000
f 531//1001 484//1001 503//1001
f 501//1002 503//1002 479//1002
f 480//1003 531//1003 501//1003
f 510//1004 518//1004 487//1004
f 482//1005 532//1005 510//1005
f 508//1006 513//1006 532//1006
f 533//1007 489//1007 526//1007
f 511//974 526//1008 484//1009
f 485//1010 533//1010 511//1010
f 534//1011 488//1011 527//1011
f 509//1012 527//1012 483//1012
f 482//1013 534//1014 509//1015
f 505//1016 498//1016 477//1016
f 472//1017 535//1018 505//1019
f 491//1020 507//1020 535//1020
f 536//1021 480//1021 496//1021
f 495//1022 496//1022 475//1022
f 473//1023 536//1023 495//1023
f 537//1024 481//1024 500//1024
f 504//1025 500//1025 476//1025
f 479//1026 537//1026 504//1026
f 538//1027 485//1027 516//1027
f 502//1028 516//1028 480//1028
f 478//1029 538//1029 502//1029
f 517//1030 508//1030 482//1030
f 477//1031 539//1031 517//1031
f 498//1032 500//1032 539//1032
f 540//1033 479//1034 493//958
f 494//1035 493//1035 474//1035
f 475//1036 540//1036 494//1036
f 541//1037 478//1037 506//1037
f 492//1038 506//1038 473//1038
f 472//1039 541//1039 492//1039
f 542//1040 476//1041 507//1042
f 497//1043 507//1043 471//1043
f 474//1044 542//1044 497//1044
f 493//958 479//1034 504//959
f 505//1045 477//1045 499//1045
f 496//1046 480//1046 501//1046
f 539//1047 500//1047 481//1047
f 515//1048 483//1048 512//1048
f 503//1049 484//1049 514//1049
f 506//1050 478//1050 502//1050
f 535//1051 507//1051 476//1051
f 510//1052 487//1052 519//1052
f 525//1053 490//1053 521//1053
f 532//1054 513//1054 486//1054
f 516//1055 485//1055 511//1055
f 517//1056 482//1013 509//1015
f 526//1057 489//1057 524//1057
f 527//1058 488//1058 522//1058
f 528//1059 522//1059 490//1059
f 512//1060 528//1060 525//1060
f 483//1061 527//1061 528//1061
f 529//1062 524//1062 486//1062
f 514//1063 529//1063 513//1063
f 484//1064 526//980 529//980
f 530//1065 509//1065 483//1065
f 499//1066 530//1066 515//1066
f 477//1067 517//1067 530//1067
f 531//975 511//974 484//1009
f 501//1068 531//1068 503//1068
f 480//1069 516//1069 531//1069
f 510//1070 532//1070 518//1070
f 482//1071 508//1071 532//1071
f 508//1072 481//1072 513//1072
f 533//1073 521//1073 489//1073
f 511//1074 533//1074 526//1074
f 485//1075 525//1075 533//1075
f 534//1076 519//1076 488//1076
f 509//1077 534//1077 527//1077
f 482//1078 510//1078 534//1078
f 505//1019 535//1018 498//1079
f 472//1080 491//1080 535//1080
f 491//1081 471//1081 507//1081
f 536//1082 502//1082 480//1082
f 495//1083 536//1083 496//1083
f 473//1084 506//1084 536//1084
f 537//1085 514//1085 481//1085
f 504//1086 537//1086 500//1086
f 479//1087 503//1087 537//1087
f 538//1088 512//1088 485//1088
f 502//1089 538//1089 516//1089
f 478//1090 515//1090 538//1090
f 517//1091 539//1091 508//1091
f 477//1092 498//1092 539//1092
f 498//1093 476//1093 500//1093
f 540//1094 501//1094 479//1094
f 494//1095 540//1095 493//1095
f 475//1096 496//1096 540//1096
f 541//1097 499//1097 478//1097
f 492//1098 541//1098 506//1098
f 472//1099 505//1099 541//1099
f 542//1040 504//1100 476//1041
f 497//1101 542//1040 507//1042
f 474//1102 493//1102 542//1102
f 544//1103 545//1103 552//1103 558//1103
f 543//1104 544//1104 558//1104 555//1104
f 546//1105 548//1105 128//1105
f 547//1106 546//1106 128//1106 39//1106
f 547//1107 39//1107 171//1107
f 117//1108 545//1108 104//1108
f 548//1109 549//1109 40//1109 128//1109
f 550//1110 557//1110 551//1110 171//1110
f 550//1111 543//1111 555//1111 557//1111
f 549//1112 117//1112 40//1112
f 560//1113 551//1113 116//1113
f 559//1114 556//1114 549//1114 548//1114
f 557//1115 555//1115 116//1115
f 555//1116 558//1116 170//1116 116//1116
f 558//1117 552//1117 170//1117
f 560//1118 554//1118 546//1118 547//1118
f 553//1119 552//1119 545//1119 117//1119
f 556//1120 553//1120 117//1120 549//1120
f 554//1121 559//1121 548//1121 546//1121
f 551//1122 557//1122 116//1122
o Icosphere
v 3.715938 7.244681 -1.216631
v 7.702303 10.272671 1.855458
v 2.132346 10.690299 3.052882
v -0.937833 10.690319 -1.172820
v 2.234339 10.359520 -5.906667
v 8.392910 10.050399 -4.322168
v 5.234000 15.409967 3.334444
v -0.089269 15.133533 1.438783
v -0.089269 15.133533 -3.784424
v 5.472992 15.599817 -6.339295
v 9.053946 15.591135 -1.153560
v 3.898638 19.411877 -1.182348
v 3.605493 6.550889 1.610970
v 6.002740 8.254910 0.423657
v 6.502351 9.014077 3.950170
v 8.278795 9.975665 -1.242590
v 5.899034 8.105457 -2.805650
v 0.897329 8.638194 -1.171824
v 0.086673 10.300260 1.310975
v 2.855570 7.879294 -4.106605
v 0.086673 10.300259 -3.656615
v 5.459285 9.545300 -5.968578
v 8.718838 12.863659 0.548132
v 8.846401 12.864607 -2.811435
v 3.505349 12.911917 3.794805
v 7.367210 12.941609 3.295047
v -1.219157 12.911917 0.362237
v 0.585441 12.911918 2.846067
v 0.585441 12.911916 -5.191708
v -1.219157 12.911917 -2.707878
v 6.985409 12.905830 -5.784742
v 4.106549 13.007921 -7.677690
v 7.995304 16.318680 2.185949
v 2.199504 15.523582 2.846041
v -0.720358 15.523573 -1.172821
v 2.229817 15.621530 -5.305754
v 7.957754 16.085171 -4.074637
v 4.215882 17.038992 1.280868
v 6.631493 18.145863 -1.115503
v 1.410541 17.557400 0.437873
v 1.392665 17.185020 -2.726969
v 4.579668 18.191967 -4.241104
v 2.760662 6.279266 4.164933
v 6.153356 12.631063 5.424804
v 0.560437 10.365056 9.901675
v -4.391659 7.845491 4.943103
v -1.550338 8.675331 -1.299484
v 4.413684 11.361821 -0.983223
v 1.608924 17.603621 7.893516
v -5.746907 14.836417 7.963228
v -6.374398 13.267662 0.685740
v -0.668392 15.030868 -2.798847
v 3.745260 17.539997 1.317070
v -2.742237 19.168331 2.412941
v 1.968347 7.252896 7.763185
v 6.273917 8.075837 5.975324
v 5.018408 11.048905 9.218899
v 6.393512 11.697354 2.355971
v 4.640659 7.455411 1.379141
v -0.950264 6.349997 4.483150
v -2.396109 8.122350 8.186613
v 0.606469 5.800290 1.411029
v -3.474533 7.261421 2.003689
v 1.699161 9.543077 -1.893982
v 6.086213 15.790558 3.753969
v 4.842076 14.664923 -0.341707
v 1.304890 14.472268 10.136156
v 4.846558 15.620877 7.701382
v -5.830812 11.058031 6.783771
v -3.162386 12.676224 9.974369
v -5.050704 10.676919 -0.535806
v -6.450710 10.298803 2.847774
v 2.215810 13.246283 -2.750658
v -1.288073 11.699933 -2.961132
v 3.535617 18.784370 4.758041
v -2.369767 16.792931 8.901465
v -6.616888 14.050621 4.169243
v -3.877894 14.346137 -1.756069
v 1.855879 16.829132 -1.408797
v -0.756159 19.543915 5.577111
v 0.900068 20.180023 1.773479
v -5.255036 18.100624 5.539186
v -5.759104 16.861183 1.307036
v -1.970205 17.719627 -0.832178
v 2.357980 5.760894 -0.855961
v 5.908397 12.564890 -0.424863
v 1.145251 11.540372 3.916485
v -4.696383 8.212890 1.826204
v -2.142159 7.858099 -6.412651
v 4.221136 9.626187 -7.743954
v 2.316867 18.710136 1.723002
v -4.456726 15.513643 2.321387
v -6.529838 13.499395 -3.662888
v -1.613769 14.752839 -9.432801
v 4.007059 18.309250 -5.863043
v -2.621408 19.294111 -3.417805
v 2.263503 8.038404 2.279609
v 4.959772 9.091507 -0.410986
v 4.169171 11.897902 2.411461
v 6.041245 11.115264 -3.795465
v 3.709025 7.303353 -4.280294
v -0.806264 5.989748 1.045675
v -1.619022 9.750361 3.103989
v 0.393211 5.935927 -3.630468
v -3.745067 7.621511 -2.406259
v 0.876825 8.285098 -7.168038
v 5.718065 15.072357 -2.717407
v 4.953213 14.243178 -7.404258
v 1.939655 14.816388 3.539518
v 4.812403 15.495180 1.033830
v -5.460741 11.867914 2.349560
v -1.632218 13.486739 3.971301
v -5.610233 10.617270 -5.702277
v -7.392580 11.046487 -1.159368
v 1.545155 12.307287 -8.534227
v -2.302491 10.796103 -8.411020
v 3.894368 19.625322 -1.635749
v -1.056553 17.017960 2.556637
v -7.182734 14.989906 -0.739010
v -4.698368 14.088608 -6.882727
v 1.589039 16.715334 -8.265344
v -0.260119 19.943687 -0.565261
v 0.861334 19.585207 -4.757779
v -4.375802 18.451231 -0.113194
v -5.937865 17.171049 -3.924228
v -2.873536 18.808479 -7.512339
v -1.834920 6.239402 -1.927199
v -0.001047 9.194981 -1.888844
v -2.420636 8.208079 0.635501
v -5.865048 6.231121 -0.555573
v -4.214220 6.800092 -4.595756
v -0.826078 7.720975 -5.140444
v -1.853265 11.626766 -0.943014
v -6.265708 10.656359 0.058744
v -6.640852 9.677340 -3.648760
v -3.659861 10.028368 -5.988120
v -1.054034 11.330440 -4.026715
v -4.067341 12.162530 -3.227288
v -1.877513 5.660099 0.467841
v -0.420900 6.961239 -1.811106
v -0.855222 8.827780 -0.467796
v -0.063686 8.532995 -3.452612
v -0.981114 6.621028 -3.677001
v -3.636705 5.321054 -1.026144
v -4.582122 6.285645 1.067731
v -2.937569 6.376619 -3.361851
v -4.975967 6.371602 -2.941797
v -2.384059 7.151238 -5.186615
v -0.104319 10.420606 -3.009027
v -0.715482 9.842131 -4.694246
v -1.946700 10.299540 0.054593
v -0.574083 10.594781 -1.196460
v -6.424379 8.225641 0.284435
v -4.478249 9.231504 1.164002
v -5.480300 7.953154 -4.348641
v -6.392692 7.966480 -2.078180
v -2.020520 8.729692 -6.396422
v -4.133601 8.138975 -6.013344
v -1.193078 11.849543 -2.452984
v -3.452208 11.373617 -0.406150
v -7.444650 10.536831 -1.693170
v -5.746135 9.946669 -5.550887
v -2.184398 10.916543 -5.177916
v -2.948251 12.329771 -1.978503
v -2.478470 12.155598 -3.791047
v -5.387917 11.933237 -1.777600
v -6.592285 11.761879 -3.941838
v -4.092376 11.476748 -4.864269
vn 0.5060 -0.8420 -0.1868
vn 0.6781 -0.7089 0.1941
vn -0.4342 -0.8708 -0.2306
vn -0.4431 -0.8942 -0.0644
vn 0.1826 -0.9475 -0.2624
vn 0.9422 -0.2682 0.2010
vn -0.2569 -0.1595 0.9532
vn -0.8897 -0.3304 0.3151
vn -0.6948 -0.2612 -0.6701
vn 0.5049 -0.1832 -0.8435
vn 0.8889 -0.1260 0.4405
vn 0.8887 -0.1262 0.4409
vn 0.8910 -0.1237 0.4368
vn -0.3066 -0.1256 0.9435
vn -0.9921 -0.1256 -0.0000
vn -0.5685 -0.1402 -0.8106
vn 0.8395 0.1457 -0.5234
vn 0.0006 0.7836 0.6213
vn -0.4972 0.5757 0.6491
vn -0.7097 0.6512 -0.2688
vn -0.2491 0.5557 -0.7932
vn -0.2511 0.5458 -0.7994
vn -0.2490 0.5561 -0.7930
vn 0.7159 0.6811 -0.1535
vn 0.4114 0.8744 -0.2572
vn 0.5120 0.7954 -0.3244
vn 0.4372 0.6521 -0.6194
vn -0.4476 0.7919 -0.4155
vn -0.4801 0.6723 -0.5635
vn -0.5060 0.6549 -0.5613
vn -0.6312 0.7707 -0.0871
vn -0.6537 0.7520 -0.0848
vn -0.7640 0.5851 0.2720
vn -0.0776 0.7130 0.6969
vn -0.0576 0.7533 0.6551
vn -0.0748 0.7629 0.6422
vn 0.3106 0.7042 0.6384
vn 0.0569 0.8833 0.4654
vn 0.7239 0.6852 0.0802
vn 0.9354 0.1290 -0.3292
vn 0.8475 0.0259 -0.5301
vn 0.6372 0.2048 -0.7430
vn -0.2512 0.5454 -0.7997
vn -0.5549 0.3042 -0.7743
vn -0.5662 0.3115 -0.7632
vn -0.9050 0.3304 -0.2680
vn -0.9822 0.1876 -0.0000
vn -0.9050 0.3304 0.2680
vn -0.5346 0.3304 0.7779
vn -0.3035 0.1876 0.9342
vn -0.1428 0.2741 0.9510
vn 0.3020 0.2463 0.9209
vn 0.8968 -0.0217 0.4419
vn 0.9552 0.0630 0.2891
vn 0.5476 0.1375 -0.8254
vn 0.5337 -0.1974 -0.8223
vn -0.1381 -0.4812 -0.8656
vn -0.8026 0.1256 -0.5831
vn -0.7947 -0.1876 -0.5773
vn -0.8897 -0.3304 -0.3151
vn -0.8026 0.1256 0.5831
vn -0.7947 -0.1876 0.5773
vn -0.5746 -0.3304 0.7488
vn 0.1271 0.0940 0.9874
vn 0.1261 0.1361 0.9826
vn 0.8913 -0.1235 0.4364
vn 0.9944 -0.0986 0.0377
vn 0.9842 -0.1731 0.0373
vn 0.9840 -0.1745 0.0347
vn 0.9839 -0.1758 0.0323
vn 0.9839 -0.1758 0.0322
vn 0.3806 -0.8205 -0.4264
vn 0.2482 -0.8682 -0.4297
vn -0.1680 -0.6062 -0.7773
vn -0.5888 -0.5662 -0.5769
vn -0.6594 -0.7064 -0.2573
vn -0.7305 -0.6534 -0.1987
vn -0.7297 -0.6540 0.1995
vn -0.7260 -0.6571 0.2028
vn -0.7306 -0.6532 0.1988
vn -0.7216 -0.6607 0.2067
vn -0.5316 -0.4411 0.7231
vn 0.6164 -0.7874 0.0037
vn 0.6109 -0.7915 0.0170
vn 0.3856 -0.9221 0.0303
vn -0.3327 -0.4136 0.8475
vn 0.6048 -0.7918 0.0848
vn 0.7519 -0.6583 0.0352
vn 0.3012 -0.9017 0.3103
vn 0.9971 0.0346 0.0675
vn 0.0041 -0.9651 0.2620
vn -0.0038 -0.9847 0.1743
vn 0.3752 -0.9172 -0.1340
vn 0.9966 0.0538 0.0616
vn 0.1637 -0.0858 0.9828
vn -0.6772 -0.5700 0.4653
vn -0.4981 -0.6536 -0.5699
vn 0.4595 -0.2605 -0.8491
vn 0.9363 0.1795 0.3018
vn -0.0143 -0.0544 0.9984
vn -0.8329 -0.5040 0.2284
vn -0.4124 -0.4109 -0.8131
vn 0.6567 0.0608 -0.7517
vn 0.2398 0.8507 0.4677
vn -0.5071 0.5618 0.6536
vn -0.9764 0.1862 -0.1098
vn -0.3607 0.4305 -0.8274
vn 0.5261 0.6597 -0.5367
vn -0.3114 0.8379 -0.4482
vn 0.0540 0.6957 -0.7163
vn 0.0177 0.5958 -0.8029
vn -0.4318 0.7809 -0.4513
vn -0.5109 0.4835 -0.7108
vn -0.7297 0.2359 -0.6418
vn -0.5581 0.8119 -0.1713
vn -0.9498 0.3120 0.0217
vn -0.9505 0.2644 0.1632
vn -0.3051 0.9490 0.0789
vn -0.2619 0.8021 0.5367
vn 0.0052 0.7692 0.6390
vn -0.2594 0.9646 0.0483
vn 0.2150 0.9437 0.2514
vn 0.6430 0.7319 -0.2255
vn 0.6067 0.5581 -0.5661
vn 0.5270 0.3440 -0.7771
vn 0.2388 0.3615 -0.9013
vn -0.3278 0.1067 -0.9387
vn -0.5152 -0.1176 -0.8489
vn -0.6955 -0.0166 -0.7184
vn -0.9977 -0.0214 -0.0646
vn -0.9791 -0.1048 0.1744
vn -0.9711 -0.0513 0.2333
vn -0.4142 0.3034 0.8581
vn -0.1452 0.2756 0.9502
vn 0.0892 0.5742 0.8138
vn 0.4607 0.6994 0.5465
vn 0.7759 0.5711 0.2682
vn 0.7116 0.6734 -0.2002
vn 0.0419 0.0408 -0.9983
vn 0.1651 -0.2441 -0.9556
vn -0.0325 -0.4791 -0.8772
vn -0.8804 -0.2642 -0.3938
vn -0.7141 -0.5990 -0.3624
vn -0.7237 -0.6842 -0.0899
vn -0.6999 -0.1986 0.6861
vn -0.6076 -0.3767 0.6992
vn -0.2238 -0.3886 0.8938
vn 0.3636 0.5188 0.7737
vn 0.4752 0.2932 0.8296
vn 0.9290 0.1476 0.3394
vn 0.7730 0.5115 -0.3754
vn 0.9256 0.1827 -0.3314
vn 0.8607 -0.0128 -0.5090
vn 0.5277 -0.4169 -0.7401
vn 0.2737 -0.6803 -0.6799
vn 0.0426 -0.6683 -0.7427
vn -0.3526 -0.7682 -0.5343
vn -0.3374 -0.9414 -0.0025
vn -0.3910 -0.9184 0.0605
vn -0.3485 -0.8912 0.2905
vn -0.1450 -0.9133 0.3805
vn -0.0358 -0.5769 0.8160
vn 0.8455 -0.2395 -0.4772
vn 0.9081 -0.3106 -0.2808
vn 0.4751 -0.8785 -0.0503
vn 0.2049 -0.4896 0.8475
vn 0.4030 -0.5916 0.6983
vn 0.9487 0.0626 0.3099
vn 0.6751 -0.5871 0.4468
vn 0.9540 -0.2600 0.1494
vn 0.2860 -0.7712 0.5688
vn -0.0771 -0.9970 -0.0083
vn 0.3180 -0.9051 -0.2823
vn 0.9968 0.0801 0.0048
vn 0.4461 -0.0052 0.8950
vn -0.2914 -0.1950 0.9365
vn -0.6312 -0.7174 -0.2949
vn -0.0366 -0.3159 -0.9481
vn 0.9462 0.2545 0.1998
vn 0.0851 0.0935 0.9920
vn -0.8238 -0.2454 0.5110
vn -0.5343 -0.4952 -0.6851
vn 0.3034 0.0220 -0.9526
vn 0.1557 0.9321 0.3271
vn -0.3199 0.6098 0.7251
vn -0.9506 0.1333 -0.2802
vn -0.6490 0.1515 -0.7456
vn 0.0994 0.7801 -0.6177
vn -0.1261 0.9855 -0.1137
vn -0.1245 0.9862 -0.1093
vn -0.1261 0.9855 -0.1138
vn 0.2650 0.7725 -0.5771
vn 0.0559 0.4414 -0.8955
vn -0.5306 0.8449 -0.0675
vn -0.5307 0.8449 -0.0669
vn -0.7894 0.2292 -0.5695
vn -0.8725 0.1067 -0.4768
vn -0.5308 0.8449 -0.0663
vn -0.7816 0.6132 0.1144
vn -0.6981 0.4682 0.5417
vn -0.3342 0.9404 0.0625
vn -0.1977 0.7399 0.6430
vn -0.2131 0.7394 0.6386
vn -0.1279 0.9847 -0.1184
vn 0.0584 0.9959 -0.0695
vn 0.2751 0.9200 -0.2791
vn 0.4951 0.4063 -0.7680
vn 0.2857 0.0555 -0.9567
vn 0.3122 0.0547 -0.9484
vn -0.6272 -0.0978 -0.7727
vn -0.6250 -0.0952 -0.7748
vn -0.6226 -0.0923 -0.7771
vn -0.6274 -0.0979 -0.7726
vn -0.8724 0.0644 -0.4845
vn -0.9637 0.0785 -0.2552
vn -0.8755 -0.0049 0.4832
vn -0.7476 0.2107 0.6298
vn -0.2359 0.3943 0.8882
vn -0.0279 0.3756 0.9263
vn 0.0125 0.4218 0.9066
vn 0.7409 0.4729 0.4768
vn 0.9265 0.3267 0.1869
vn 0.9158 0.3898 -0.0970
vn 0.0717 -0.2611 -0.9627
vn 0.1016 -0.3350 -0.9367
vn -0.1249 -0.5627 -0.8172
vn -0.9314 -0.0414 -0.3615
vn -0.7065 -0.6747 -0.2134
vn -0.6935 -0.7183 -0.0555
vn -0.4316 0.1258 0.8933
vn -0.3017 -0.2166 0.9285
vn -0.1382 -0.2244 0.9646
vn 0.5877 0.2946 0.7536
vn 0.6219 0.1806 0.7620
vn 0.8458 0.0521 0.5309
vn 0.9335 0.2947 -0.2045
vn 0.9748 0.1292 -0.1819
vn 0.9180 -0.1177 -0.3788
vn 0.2406 -0.8224 -0.5156
vn 0.2390 -0.8236 -0.5144
vn 0.2409 -0.8222 -0.5158
vn 0.2389 -0.8237 -0.5143
vn -0.0213 -0.8315 -0.5551
vn -0.4233 -0.8786 -0.2212
vn -0.3988 -0.9124 -0.0918
vn -0.4946 -0.8691 0.0103
vn -0.1102 -0.4954 0.8616
vn -0.0280 -0.4846 0.8743
vn 0.0066 -0.4217 0.9067
vn 0.8463 -0.4918 -0.2047
vn 0.8545 -0.5181 -0.0368
vn 0.7856 -0.6179 0.0316
vn 0.4549 -0.2538 0.8536
vn 0.7238 -0.3771 0.5778
vn 0.8527 -0.2310 0.4685
vn 0.4584 -0.8657 -0.2012
vn 0.9823 -0.1833 0.0382
vn 0.3567 -0.9095 -0.2136
vn 0.3002 -0.8998 -0.3168
vn 0.0956 -0.9812 -0.1673
vn 0.9979 0.0343 -0.0545
vn 0.5438 0.1079 0.8322
vn -0.6993 -0.4350 0.5673
vn -0.6462 -0.6118 -0.4561
vn 0.2503 -0.6246 -0.7397
vn 0.9364 0.2764 0.2161
vn 0.3289 0.1828 0.9265
vn -0.9608 -0.2768 0.0175
vn -0.6151 -0.5555 -0.5596
vn 0.7587 0.0960 -0.6444
vn 0.3221 0.9060 0.2745
vn -0.1280 0.8419 0.5242
vn -0.9291 -0.0302 -0.3686
vn -0.1903 0.5657 -0.8023
vn 0.3299 0.7377 -0.5891
vn -0.1313 0.9151 -0.3813
vn 0.1145 0.7528 -0.6483
vn 0.0543 0.6222 -0.7810
vn -0.0371 0.9219 -0.3856
vn -0.2203 0.5875 -0.7786
vn -0.9020 -0.0394 -0.4299
vn -0.1597 0.9871 0.0107
vn -0.1596 0.9871 0.0107
vn -0.5392 0.8084 0.2360
vn -0.5273 0.7948 0.3006
vn -0.1596 0.9871 0.0108
vn -0.0998 0.8640 0.4934
vn 0.0435 0.8474 0.5292
vn -0.0325 0.9940 -0.1040
vn 0.2572 0.9660 -0.0262
vn 0.4560 0.8564 -0.2422
vn 0.5552 0.4419 -0.7046
vn 0.5553 0.4420 -0.7045
vn 0.5554 0.4422 -0.7043
vn 0.5531 0.4368 -0.7095
vn 0.1747 0.4892 -0.8545
vn -0.2069 0.0649 -0.9762
vn -0.2071 0.0650 -0.9762
vn -0.1951 0.0620 -0.9788
vn -0.6706 -0.4466 -0.5923
vn -0.8181 -0.3730 -0.4376
vn -0.9130 -0.3398 -0.2259
vn -0.9235 -0.3824 0.0296
vn -0.8283 0.1052 0.5503
vn -0.0198 0.5972 0.8018
vn 0.1340 0.5433 0.8288
vn 0.1738 0.5838 0.7930
vn 0.6260 0.6840 0.3746
vn 0.8141 0.5591 0.1573
vn 0.7599 0.6343 -0.1421
vn -0.1948 0.0619 -0.9789
vn 0.0279 -0.6121 -0.7903
vn -0.0832 -0.7221 -0.6868
vn -0.8391 -0.4289 -0.3347
vn -0.7879 -0.5301 -0.3135
vn -0.7876 -0.5242 -0.3240
vn -0.7878 -0.5298 -0.3140
vn -0.7876 -0.5240 -0.3243
vn -0.4567 0.1118 0.8826
vn -0.4051 -0.0156 0.9141
vn 0.2299 -0.0399 0.9724
vn 0.5295 0.4856 0.6956
vn 0.6345 0.2062 0.7449
vn 0.8443 0.0839 0.5292
vn 0.8209 0.3785 -0.4276
vn 0.9223 0.1071 -0.3713
vn 0.9026 0.0431 -0.4284
vn 0.3007 -0.7774 -0.5525
vn 0.0550 -0.9250 -0.3760
vn 0.0556 -0.9250 -0.3758
vn 0.0562 -0.9251 -0.3756
vn -0.0540 -0.9603 -0.2737
vn -0.0868 -0.8978 -0.4317
vn -0.4067 -0.8905 -0.2040
vn -0.3125 -0.9085 0.2774
vn -0.1322 -0.9216 0.3649
vn 0.2123 -0.0190 0.9770
vn 0.8911 -0.4031 -0.2086
vn 0.8931 -0.4058 -0.1942
vn 0.4528 -0.8912 0.0266
vn 0.5577 0.0644 0.8275
vn 0.8686 -0.1399 0.4753
vn 0.8647 -0.1449 0.4809
vn 0.8685 -0.1401 0.4755
vn 0.8641 -0.1457 0.4818
s 1
usemtl Material.001
f 561//1123 574//1123 573//1123
f 562//1124 574//1124 576//1124
f 561//1125 573//1125 578//1125
f 561//1126 578//1126 580//1126
f 561//1127 580//1127 577//1127
f 562//1128 576//1128 583//1128
f 563//1129 575//1129 585//1129
f 564//1130 579//1130 587//1130
f 565//1131 581//1131 589//1131
f 566//1132 582//1132 591//1132
f 562//1133 583//1134 586//1135
f 563//1136 585//1136 588//1136
f 564//1137 587//1137 590//1137
f 565//1138 589//1138 592//1138
f 566//1139 591//1139 584//1139
f 567//1140 593//1140 598//1140
f 568//1141 594//1141 600//1141
f 569//1142 595//1142 601//1142
f 570//1143 596//1144 602//1145
f 571//1146 597//1146 599//1146
f 599//1147 602//1147 572//1147
f 599//1148 597//1148 602//1148
f 597//1149 570//1149 602//1149
f 602//1150 601//1150 572//1150
f 602//1151 596//1151 601//1151
f 596//1152 569//1152 601//1152
f 601//1153 600//1153 572//1153
f 601//1154 595//1154 600//1154
f 595//1155 568//1155 600//1155
f 600//1156 598//1156 572//1156
f 600//1157 594//1157 598//1157
f 594//1158 567//1158 598//1158
f 598//1159 599//1159 572//1159
f 598//1160 593//1160 599//1160
f 593//1161 571//1161 599//1161
f 584//1162 597//1162 571//1162
f 584//1163 591//1163 597//1163
f 591//1164 570//1164 597//1164
f 592//1165 596//1144 570//1143
f 592//1166 589//1166 596//1166
f 589//1167 569//1167 596//1167
f 590//1168 595//1168 569//1168
f 590//1169 587//1169 595//1169
f 587//1170 568//1170 595//1170
f 588//1171 594//1171 568//1171
f 588//1172 585//1172 594//1172
f 585//1173 567//1173 594//1173
f 586//1174 593//1174 567//1174
f 586//1175 583//1175 593//1175
f 583//1176 571//1176 593//1176
f 591//1177 592//1177 570//1177
f 591//1178 582//1178 592//1178
f 582//1179 565//1179 592//1179
f 589//1180 590//1180 569//1180
f 589//1181 581//1181 590//1181
f 581//1182 564//1182 590//1182
f 587//1183 588//1183 568//1183
f 587//1184 579//1184 588//1184
f 579//1185 563//1185 588//1185
f 585//1186 586//1186 567//1186
f 585//1187 575//1187 586//1187
f 575//1188 562//1133 586//1135
f 583//1189 584//1189 571//1189
f 583//1190 576//1191 584//1192
f 576//1191 566//1193 584//1192
f 577//1194 582//1194 566//1194
f 577//1195 580//1195 582//1195
f 580//1196 565//1196 582//1196
f 580//1197 581//1197 565//1197
f 580//1198 578//1198 581//1198
f 578//1199 564//1199 581//1199
f 578//1200 579//1201 564//1202
f 578//1200 573//1203 579//1201
f 573//1204 563//1204 579//1204
f 576//1205 577//1205 566//1205
f 576//1206 574//1206 577//1206
f 574//1207 561//1207 577//1207
f 573//1208 575//1208 563//1208
f 573//1209 574//1209 575//1209
f 574//1210 562//1210 575//1210
f 603//1211 616//1211 615//1211
f 604//1212 616//1212 618//1212
f 603//1213 615//1213 620//1213
f 603//1214 620//1214 622//1214
f 603//1215 622//1215 619//1215
f 604//1216 618//1216 625//1216
f 605//1217 617//1217 627//1217
f 606//1218 621//1218 629//1218
f 607//1219 623//1219 631//1219
f 608//1220 624//1220 633//1220
f 604//1221 625//1221 628//1221
f 605//1222 627//1222 630//1222
f 606//1223 629//1223 632//1223
f 607//1224 631//1224 634//1224
f 608//1225 633//1225 626//1225
f 609//1226 635//1226 640//1226
f 610//1227 636//1227 642//1227
f 611//1228 637//1228 643//1228
f 612//1229 638//1229 644//1229
f 613//1230 639//1230 641//1230
f 641//1231 644//1231 614//1231
f 641//1232 639//1232 644//1232
f 639//1233 612//1233 644//1233
f 644//1234 643//1234 614//1234
f 644//1235 638//1235 643//1235
f 638//1236 611//1236 643//1236
f 643//1237 642//1237 614//1237
f 643//1238 637//1238 642//1238
f 637//1239 610//1239 642//1239
f 642//1240 640//1240 614//1240
f 642//1241 636//1241 640//1241
f 636//1242 609//1242 640//1242
f 640//1243 641//1243 614//1243
f 640//1244 635//1244 641//1244
f 635//1245 613//1245 641//1245
f 626//1246 639//1246 613//1246
f 626//1247 633//1247 639//1247
f 633//1248 612//1248 639//1248
f 634//1249 638//1249 612//1249
f 634//1250 631//1250 638//1250
f 631//1251 611//1251 638//1251
f 632//1252 637//1252 611//1252
f 632//1253 629//1253 637//1253
f 629//1254 610//1254 637//1254
f 630//1255 636//1255 610//1255
f 630//1256 627//1256 636//1256
f 627//1257 609//1257 636//1257
f 628//1258 635//1258 609//1258
f 628//1259 625//1259 635//1259
f 625//1260 613//1260 635//1260
f 633//1261 634//1261 612//1261
f 633//1262 624//1262 634//1262
f 624//1263 607//1263 634//1263
f 631//1264 632//1264 611//1264
f 631//1265 623//1265 632//1265
f 623//1266 606//1266 632//1266
f 629//1267 630//1267 610//1267
f 629//1268 621//1268 630//1268
f 621//1269 605//1269 630//1269
f 627//1270 628//1270 609//1270
f 627//1271 617//1271 628//1271
f 617//1272 604//1272 628//1272
f 625//1273 626//1273 613//1273
f 625//1274 618//1274 626//1274
f 618//1275 608//1275 626//1275
f 619//1276 624//1276 608//1276
f 619//1277 622//1277 624//1277
f 622//1278 607//1278 624//1278
f 622//1279 623//1279 607//1279
f 622//1280 620//1280 623//1280
f 620//1281 606//1281 623//1281
f 620//1282 621//1282 606//1282
f 620//1283 615//1283 621//1283
f 615//1284 605//1284 621//1284
f 618//1285 619//1285 608//1285
f 618//1286 616//1286 619//1286
f 616//1287 603//1287 619//1287
f 615//1288 617//1288 605//1288
f 615//1289 616//1289 617//1289
f 616//1290 604//1290 617//1290
f 645//1291 658//1291 657//1291
f 646//1292 658//1292 660//1292
f 645//1293 657//1293 662//1293
f 645//1294 662//1294 664//1294
f 645//1295 664//1295 661//1295
f 646//1296 660//1296 667//1296
f 647//1297 659//1297 669//1297
f 648//1298 663//1298 671//1298
f 649//1299 665//1299 673//1299
f 650//1300 666//1300 675//1300
f 646//1301 667//1301 670//1301
f 647//1302 669//1302 672//1302
f 648//1303 671//1303 674//1303
f 649//1304 673//1304 676//1304
f 650//1305 675//1305 668//1305
f 651//1306 677//1306 682//1306
f 652//1307 678//1307 684//1307
f 653//1308 679//1308 685//1308
f 654//1309 680//1309 686//1309
f 655//1310 681//1310 683//1310
f 683//1311 686//1312 656//1313
f 683//1314 681//1314 686//1314
f 681//1315 654//1315 686//1315
f 686//1316 685//1317 656//1317
f 686//1318 680//1318 685//1318
f 680//1319 653//1319 685//1319
f 685//1317 684//1320 656//1317
f 685//1321 679//1321 684//1321
f 679//1322 652//1322 684//1322
f 684//1323 682//1323 656//1323
f 684//1324 678//1324 682//1324
f 678//1325 651//1325 682//1325
f 682//1326 683//1311 656//1313
f 682//1327 677//1327 683//1327
f 677//1328 655//1328 683//1328
f 668//1329 681//1329 655//1329
f 668//1330 675//1330 681//1330
f 675//1331 654//1331 681//1331
f 676//1332 680//1333 654//1334
f 676//1332 673//1335 680//1333
f 673//1336 653//1336 680//1336
f 674//1337 679//1337 653//1337
f 674//1338 671//1338 679//1338
f 671//1339 652//1339 679//1339
f 672//1340 678//1340 652//1340
f 672//1341 669//1341 678//1341
f 669//1342 651//1342 678//1342
f 670//1343 677//1343 651//1343
f 670//1344 667//1344 677//1344
f 667//1345 655//1345 677//1345
f 675//1346 676//1346 654//1346
f 675//1347 666//1347 676//1347
f 666//1348 649//1348 676//1348
f 673//1349 674//1349 653//1349
f 673//1350 665//1350 674//1350
f 665//1351 648//1351 674//1351
f 671//1352 672//1352 652//1352
f 671//1353 663//1353 672//1353
f 663//1354 647//1354 672//1354
f 669//1355 670//1355 651//1355
f 669//1356 659//1356 670//1356
f 659//1357 646//1357 670//1357
f 667//1358 668//1358 655//1358
f 667//1359 660//1359 668//1359
f 660//1360 650//1360 668//1360
f 661//1361 666//1362 650//1363
f 661//1361 664//1364 666//1362
f 664//1365 649//1365 666//1365
f 664//1366 665//1366 649//1366
f 664//1367 662//1367 665//1367
f 662//1368 648//1368 665//1368
f 662//1369 663//1369 648//1369
f 662//1370 657//1370 663//1370
f 657//1371 647//1371 663//1371
f 660//1372 661//1372 650//1372
f 660//1373 658//1373 661//1373
f 658//1374 645//1374 661//1374
f 657//1375 659//1375 647//1375
f 657//1376 658//1376 659//1376
f 658//1377 646//1377 659//1377
f 687//1378 700//1378 699//1378
f 688//1379 700//1379 702//1379
f 687//1380 699//1380 704//1380
f 687//1381 704//1381 706//1381
f 687//1382 706//1382 703//1382
f 688//1383 702//1383 709//1383
f 689//1384 701//1384 711//1384
f 690//1385 705//1385 713//1385
f 691//1386 707//1386 715//1386
f 692//1387 708//1387 717//1387
f 688//1388 709//1388 712//1388
f 689//1389 711//1389 714//1389
f 690//1390 713//1390 716//1390
f 691//1391 715//1391 718//1391
f 692//1392 717//1392 710//1392
f 693//1393 719//1393 724//1393
f 694//1394 720//1394 726//1394
f 695//1395 721//1395 727//1395
f 696//1396 722//1396 728//1396
f 697//1397 723//1397 725//1397
f 725//1398 728//1398 698//1398
f 725//1399 723//1399 728//1399
f 723//1400 696//1400 728//1400
f 728//1401 727//1401 698//1401
f 728//1402 722//1402 727//1402
f 722//1403 695//1403 727//1403
f 727//1404 726//1405 698//1405
f 727//1406 721//1406 726//1406
f 721//1407 694//1407 726//1407
f 726//1405 724//1408 698//1405
f 726//1409 720//1409 724//1409
f 720//1410 693//1410 724//1410
f 724//1411 725//1411 698//1411
f 724//1412 719//1412 725//1412
f 719//1413 697//1413 725//1413
f 710//1414 723//1415 697//1416
f 710//1414 717//1417 723//1415
f 717//1418 696//1418 723//1418
f 718//1419 722//1420 696//1421
f 718//1422 715//1422 722//1422
f 715//1423 695//1423 722//1423
f 716//1424 721//1424 695//1424
f 716//1425 713//1425 721//1425
f 713//1426 694//1426 721//1426
f 714//1427 720//1427 694//1427
f 714//1428 711//1428 720//1428
f 711//1429 693//1429 720//1429
f 712//1430 719//1430 693//1430
f 712//1431 709//1431 719//1431
f 709//1432 697//1432 719//1432
f 717//1433 718//1419 696//1421
f 717//1434 708//1434 718//1434
f 708//1435 691//1435 718//1435
f 715//1436 716//1436 695//1436
f 715//1437 707//1438 716//1439
f 707//1438 690//1440 716//1439
f 713//1441 714//1441 694//1441
f 713//1442 705//1442 714//1442
f 705//1443 689//1443 714//1443
f 711//1444 712//1444 693//1444
f 711//1445 701//1445 712//1445
f 701//1446 688//1446 712//1446
f 709//1447 710//1447 697//1447
f 709//1448 702//1448 710//1448
f 702//1449 692//1449 710//1449
f 703//1450 708//1450 692//1450
f 703//1451 706//1452 708//1452
f 706//1452 691//1453 708//1452
f 706//1454 707//1454 691//1454
f 706//1455 704//1455 707//1455
f 704//1456 690//1456 707//1456
f 704//1457 705//1457 690//1457
f 704//1458 699//1458 705//1458
f 699//1459 689//1459 705//1459
f 702//1460 703//1460 692//1460
f 702//1461 700//1461 703//1461
f 700//1462 687//1462 703//1462
f 699//1463 701//1463 689//1463
f 699//1464 700//1465 701//1466
f 700//1465 688//1467 701//1466
